Appointment_ID,Patient_Name,Patient_Phone,Patient_Email,Clinic_ID,Clinic_Name,Clinic_Area,Clinic_City,Appointment_Date,Appointment_Time,Status,Reason,Created_At
1,Nomsa Mokoena,010 243 3554,patient84@email.com,81,Ngwelezane Health Centre,Ngwelezane,Empangeni,2026-08-23,15:00,Completed,Immunization,2026-07-27 14:28:36
2,Sipho Ndlovu,012 874 3435,patient8@email.com,30,Northdale Health Centre,Northdale,Pietermaritzburg,2026-07-30,10:30,Scheduled,Immunization,2026-07-27 14:28:36
3,Thandi Mbeki,012 136 9043,patient32@email.com,128,Ulundi Primary Care Clinic,Ulundi,Vryheid,2026-07-29,10:30,Scheduled,TB Test,2026-07-27 14:28:36
4,Sipho Ndlovu,012 363 8136,patient65@email.com,177,George Health Centre,George,George,2026-08-03,10:00,Cancelled,HIV Test,2026-07-27 14:28:36
5,Zanele Dlamini,012 649 9475,patient33@email.com,46,Dundee Community Health Centre,Dundee,Newcastle,2026-08-25,14:30,Cancelled,TB Test,2026-07-27 14:28:36
6,Mpho Molefe,010 767 1016,patient69@email.com,128,Ulundi Primary Care Clinic,Ulundi,Vryheid,2026-08-24,08:00,Scheduled,Chronic Medication,2026-07-27 14:28:36
7,Lerato Khumalo,010 358 7855,patient4@email.com,209,Mokopane Primary Care Clinic,Mokopane,Mokopane,2026-08-04,11:30,Scheduled,HIV Test,2026-07-27 14:28:36
8,Bongani Sithole,010 754 2004,patient6@email.com,147,Vereeniging Medical Centre,Vereeniging,Vereeniging,2026-08-14,09:00,Scheduled,TB Test,2026-07-27 14:28:36
9,Lerato Khumalo,011 269 1518,patient28@email.com,155,Germiston Medical Centre,Germiston,Germiston,2026-08-23,09:00,Scheduled,TB Test,2026-07-27 14:28:36
10,Zanele Dlamini,011 731 1079,patient14@email.com,201,Thohoyandou Primary Care Clinic,Thohoyandou,Thohoyandou,2026-08-23,09:30,Completed,Check-up,2026-07-27 14:28:36
11,Lerato Khumalo,011 896 9661,patient21@email.com,2,Durban Central Community Health Centre,Durban Central,Durban,2026-08-12,16:00,Scheduled,TB Test,2026-07-27 14:28:36
12,Thandi Mbeki,010 510 9459,patient83@email.com,169,Paarl Health Centre,Paarl,Paarl,2026-08-18,13:30,Completed,Consultation,2026-07-27 14:28:36
13,Lerato Khumalo,010 391 1719,patient13@email.com,131,Paulpietersburg Medical Centre,Paulpietersburg,Vryheid,2026-08-26,15:00,Scheduled,Immunization,2026-07-27 14:28:36
14,Bongani Sithole,012 515 6240,patient43@email.com,116,Nkandla Medical Centre,Nkandla,Eshowe,2026-08-25,09:00,Scheduled,Chronic Medication,2026-07-27 14:28:36
15,Mpho Molefe,012 784 5066,patient13@email.com,71,Empangeni Central Medical Centre,Empangeni Central,Empangeni,2026-08-20,10:00,Cancelled,Immunization,2026-07-27 14:28:36
16,Mpho Molefe,011 872 7817,patient13@email.com,92,Colenso Primary Care Clinic,Colenso,Ladysmith,2026-08-10,08:30,Completed,Immunization,2026-07-27 14:28:36
17,Thabo Nkosi,011 796 2840,patient91@email.com,132,Paulpietersburg Mobile Clinic,Paulpietersburg,Vryheid,2026-08-03,09:00,Completed,Immunization,2026-07-27 14:28:36
18,Lerato Khumalo,012 363 3023,patient29@email.com,217,Witbank Community Health Centre,Witbank,Witbank,2026-08-23,08:30,Scheduled,Chronic Medication,2026-07-27 14:28:36
19,Sipho Ndlovu,011 230 2382,patient37@email.com,66,Brackenham Medical Centre,Brackenham,Richards Bay,2026-08-21,10:30,Scheduled,Consultation,2026-07-27 14:28:36
20,Nomsa Mokoena,011 481 6074,patient49@email.com,86,Ladysmith Central Medical Centre,Ladysmith Central,Ladysmith,2026-08-12,16:00,Cancelled,TB Test,2026-07-27 14:28:36
21,Lerato Khumalo,010 139 3831,patient35@email.com,48,Glencoe Medical Centre,Glencoe,Newcastle,2026-08-01,10:30,Cancelled,Chronic Medication,2026-07-27 14:28:36
22,Nomsa Mokoena,010 873 4706,patient30@email.com,114,Nkandla District Hospital,Nkandla,Eshowe,2026-08-05,12:00,Cancelled,Immunization,2026-07-27 14:28:36
23,Thandi Mbeki,012 156 6125,patient91@email.com,43,Osizweni Medical Centre,Osizweni,Newcastle,2026-08-15,12:30,Cancelled,Chronic Medication,2026-07-27 14:28:36
24,Sipho Ndlovu,010 392 3774,patient64@email.com,162,Khayelitsha Medical Centre,Khayelitsha,Khayelitsha,2026-08-18,09:00,Scheduled,Check-up,2026-07-27 14:28:36
25,Precious Mthembu,010 326 5862,patient30@email.com,117,Melmoth Community Health Centre,Melmoth,Eshowe,2026-08-06,15:00,Cancelled,Consultation,2026-07-27 14:28:36
26,Bongani Sithole,010 487 1617,patient58@email.com,200,Thohoyandou Medical Centre,Thohoyandou,Thohoyandou,2026-08-22,15:00,Completed,Consultation,2026-07-27 14:28:36
27,Zanele Dlamini,010 998 6600,patient88@email.com,151,Boksburg Medical Centre,Boksburg,Boksburg,2026-08-23,14:00,Completed,Immunization,2026-07-27 14:28:36
28,Thandi Mbeki,010 923 8480,patient85@email.com,185,Mthatha Medical Centre,Mthatha,Mthatha,2026-08-09,10:00,Cancelled,Chronic Medication,2026-07-27 14:28:36
29,Zanele Dlamini,011 835 3779,patient81@email.com,180,Port Elizabeth Medical Centre,Port Elizabeth,Port Elizabeth,2026-08-02,10:00,Completed,Check-up,2026-07-27 14:28:36
30,Nomsa Mokoena,011 565 5179,patient23@email.com,142,Soweto Primary Care Clinic,Soweto,Soweto,2026-08-22,12:30,Completed,Chronic Medication,2026-07-27 14:28:36
31,Nomsa Mokoena,011 185 7855,patient88@email.com,141,Soweto Medical Centre,Soweto,Soweto,2026-07-29,09:30,Completed,Check-up,2026-07-27 14:28:36
32,Thandi Mbeki,012 969 6509,patient67@email.com,4,Umlazi Medical Centre,Umlazi,Durban,2026-07-28,08:00,Completed,Chronic Medication,2026-07-27 14:28:36
33,Thabo Nkosi,012 476 8500,patient27@email.com,66,Brackenham Medical Centre,Brackenham,Richards Bay,2026-08-25,14:00,Cancelled,Immunization,2026-07-27 14:28:36
34,Nomsa Mokoena,011 976 8096,patient70@email.com,140,Soweto Health Centre,Soweto,Soweto,2026-08-02,10:30,Completed,Check-up,2026-07-27 14:28:36
35,Sipho Ndlovu,012 649 2543,patient44@email.com,40,Madadeni Medical Centre,Madadeni,Newcastle,2026-08-14,14:00,Completed,Chronic Medication,2026-07-27 14:28:36
36,Nkosi Zulu,010 236 3868,patient16@email.com,228,Malelane Mobile Clinic,Malelane,Malelane,2026-08-10,13:00,Cancelled,HIV Test,2026-07-27 14:28:36
37,Zanele Dlamini,010 727 7086,patient34@email.com,215,Nelspruit Medical Centre,Nelspruit,Nelspruit,2026-08-22,10:30,Scheduled,Check-up,2026-07-27 14:28:36
38,Nkosi Zulu,010 592 8669,patient83@email.com,46,Dundee Community Health Centre,Dundee,Newcastle,2026-08-09,12:00,Scheduled,HIV Test,2026-07-27 14:28:36
39,Mpho Molefe,011 579 1233,patient17@email.com,64,Nseleni Health Centre,Nseleni,Richards Bay,2026-08-19,12:30,Scheduled,Chronic Medication,2026-07-27 14:28:36
40,Nomsa Mokoena,012 922 7459,patient79@email.com,110,Mtunzini Medical Centre,Mtunzini,Eshowe,2026-07-30,08:00,Scheduled,Chronic Medication,2026-07-27 14:28:36
41,Sipho Ndlovu,012 411 6239,patient9@email.com,92,Colenso Primary Care Clinic,Colenso,Ladysmith,2026-07-31,08:30,Completed,Consultation,2026-07-27 14:28:36
42,Zanele Dlamini,010 952 9230,patient92@email.com,201,Thohoyandou Primary Care Clinic,Thohoyandou,Thohoyandou,2026-08-25,08:30,Scheduled,TB Test,2026-07-27 14:28:36
43,Nkosi Zulu,010 255 6870,patient4@email.com,39,Madadeni Medical Centre,Madadeni,Newcastle,2026-08-20,08:00,Scheduled,Consultation,2026-07-27 14:28:36
44,Lerato Khumalo,011 322 3131,patient10@email.com,105,Ramsgate Medical Centre,Ramsgate,Port Shepstone,2026-08-04,12:00,Cancelled,Immunization,2026-07-27 14:28:36
45,Lerato Khumalo,010 778 5256,patient30@email.com,5,Umlazi District Hospital,Umlazi,Durban,2026-08-03,10:00,Completed,Check-up,2026-07-27 14:28:36
46,Precious Mthembu,010 548 5475,patient13@email.com,168,Paarl Medical Centre,Paarl,Paarl,2026-08-03,13:30,Completed,Consultation,2026-07-27 14:28:36
47,Bongani Sithole,010 388 4245,patient7@email.com,71,Empangeni Central Medical Centre,Empangeni Central,Empangeni,2026-08-05,15:00,Scheduled,Immunization,2026-07-27 14:28:36
48,Precious Mthembu,012 775 9801,patient46@email.com,107,Eshowe Central Mobile Clinic,Eshowe Central,Eshowe,2026-08-24,12:30,Cancelled,Immunization,2026-07-27 14:28:36
49,Zanele Dlamini,011 754 2196,patient22@email.com,174,Stellenbosch Medical Centre,Stellenbosch,Stellenbosch,2026-08-13,14:30,Completed,HIV Test,2026-07-27 14:28:36
50,Bongani Sithole,011 971 8327,patient56@email.com,96,Port Shepstone Central Medical Centre,Port Shepstone Central,Port Shepstone,2026-08-05,12:30,Scheduled,TB Test,2026-07-27 14:28:36
51,Siyanda Khoza,0606023322,siyandakhoza13@gmail.com,80,Ngwelezane Medical Centre,Ngwelezane,Empangeni,2026-07-29,12:30,Scheduled,General Consultation,2026-07-27 14:32:55
52,siyanda sam,0726546690,sam@gmail.com,179,Port Elizabeth Community Health Centre,Port Elizabeth,Port Elizabeth,2026-08-03,09:30,Scheduled,HIV/TB Testing,2026-07-27 14:39:34
53,siyanda sam,0606023322,siyandakhoza13@gmail.ac.za,175,Stellenbosch District Hospital,Stellenbosch,Stellenbosch,2026-07-28,11:00,Scheduled,General Consultation,2026-07-27 14:47:57
