Clinic_ID,Province,City,Area,Clinic_Name,Clinic_Type,Latitude,Longitude,Phone,Operating_Hours,Services,Treatable_Conditions,Emergency_Services,Wheelchair_Access,Has_Pharmacy
1,KwaZulu-Natal,Durban,Durban Central,Durban Central District Hospital,District Hospital,-29.828941,30.986382,010 956 7784,"Mon-Fri 08:00-16:00, Sat-Sun Closed","Emergency Care, General Surgery, Maternity, Pediatrics, Specialist Referral","malaria, typhoid, tb, hiv, pneumonia, stroke, diabetes, hypertension",Yes,Limited,No
2,KwaZulu-Natal,Durban,Durban Central,Durban Central Community Health Centre,Community Health Centre,-29.803555,30.965131,010 157 3874,"Mon-Fri 08:00-16:00, Sat-Sun Closed","General Consultation, HIV/TB Testing, Immunizations, Maternal Health, Child Health","flu, cold, fever, headache, diarrhea, malaria, tb, hiv",No,Yes,Yes
3,KwaZulu-Natal,Durban,Umlazi,Umlazi Health Centre,Health Centre,-29.872225,31.049837,012 116 1754,"Mon-Fri 07:00-18:00, Sat 08:00-14:00","Comprehensive Care, HIV/TB Services, Maternal Health, Chronic Disease Management","diabetes, hypertension, asthma, arthritis, tb, hiv",No,Yes,Yes
4,KwaZulu-Natal,Durban,Umlazi,Umlazi Medical Centre,Primary Care Clinic,-29.867338,31.056308,010 744 8839,"Mon-Fri 07:00-18:00, Sat 08:00-14:00","General Consultation, Immunizations, Health Screening, Family Planning","flu, cold, fever, headache, diarrhea, allergy, asthma",No,Yes,Yes
5,KwaZulu-Natal,Durban,Umlazi,Umlazi District Hospital,District Hospital,-29.839583,30.935172,012 339 7133,"Mon-Fri 08:00-16:00, Sat-Sun Closed","Emergency Care, General Surgery, Maternity, Pediatrics, Specialist Referral","malaria, typhoid, tb, hiv, pneumonia, stroke, diabetes, hypertension",Yes,Yes,Yes
6,KwaZulu-Natal,Durban,Umlazi,Umlazi District Hospital,District Hospital,-29.898242,30.978111,012 813 5741,"Mon-Fri 07:00-17:00, Sat 08:00-13:00","Emergency Care, General Surgery, Maternity, Pediatrics, Specialist Referral","malaria, typhoid, tb, hiv, pneumonia, stroke, diabetes, hypertension",Yes,Yes,Yes
7,KwaZulu-Natal,Durban,Chatsworth,Chatsworth Medical Centre,Mobile Clinic,-29.824279,31.09959,012 895 2075,"Mon-Fri 07:00-17:00, Sat 08:00-13:00","Primary Care, HIV/TB Testing, Immunizations, Health Education","flu, cold, fever, malaria, tb, hiv",No,Limited,Yes
8,KwaZulu-Natal,Durban,Chatsworth,Chatsworth District Hospital,District Hospital,-29.855737,30.965587,011 219 9002,"Mon-Fri 08:00-16:00, Sat-Sun Closed","Emergency Care, General Surgery, Maternity, Pediatrics, Specialist Referral","malaria, typhoid, tb, hiv, pneumonia, stroke, diabetes, hypertension",Yes,Yes,No
9,KwaZulu-Natal,Durban,Phoenix,Phoenix Mobile Clinic,Mobile Clinic,-29.8923,31.068785,011 767 7774,24 Hours Emergency Services,"Primary Care, HIV/TB Testing, Immunizations, Health Education","flu, cold, fever, malaria, tb, hiv",Yes,Yes,No
10,KwaZulu-Natal,Durban,Phoenix,Phoenix Medical Centre,Primary Care Clinic,-29.802456,30.945061,012 138 2823,"Mon-Fri 07:00-18:00, Sat 08:00-14:00","General Consultation, Immunizations, Health Screening, Family Planning","flu, cold, fever, headache, diarrhea, allergy, asthma",No,Limited,No
11,KwaZulu-Natal,Durban,Phoenix,Phoenix Medical Centre,Community Health Centre,-29.863634,31.088078,012 213 1791,24 Hours Emergency Services,"General Consultation, HIV/TB Testing, Immunizations, Maternal Health, Child Health","flu, cold, fever, headache, diarrhea, malaria, tb, hiv",Yes,Yes,Yes
12,KwaZulu-Natal,Durban,Phoenix,Phoenix Health Centre,Health Centre,-29.836359,30.904021,012 830 7823,"Mon-Fri 07:00-17:00, Sat 08:00-13:00","Comprehensive Care, HIV/TB Services, Maternal Health, Chronic Disease Management","diabetes, hypertension, asthma, arthritis, tb, hiv",No,Yes,Yes
13,KwaZulu-Natal,Durban,Inanda,Inanda Medical Centre,Health Centre,-29.805688,30.986293,011 584 4598,"Mon-Fri 07:00-18:00, Sat 08:00-14:00","Comprehensive Care, HIV/TB Services, Maternal Health, Chronic Disease Management","diabetes, hypertension, asthma, arthritis, tb, hiv",No,Yes,No
14,KwaZulu-Natal,Durban,Inanda,Inanda Medical Centre,Primary Care Clinic,-29.842551,30.953142,012 158 5219,24 Hours Emergency Services,"General Consultation, Immunizations, Health Screening, Family Planning","flu, cold, fever, headache, diarrhea, allergy, asthma",Yes,Limited,Yes
15,KwaZulu-Natal,Durban,KwaMashu,KwaMashu Community Health Centre,Community Health Centre,-29.819328,30.960307,012 259 4638,24 Hours Emergency Services,"General Consultation, HIV/TB Testing, Immunizations, Maternal Health, Child Health","flu, cold, fever, headache, diarrhea, malaria, tb, hiv",Yes,Yes,No
16,KwaZulu-Natal,Durban,KwaMashu,KwaMashu Medical Centre,Health Centre,-29.865657,30.902621,010 253 8977,"Mon-Fri 08:00-16:00, Sat-Sun Closed","Comprehensive Care, HIV/TB Services, Maternal Health, Chronic Disease Management","diabetes, hypertension, asthma, arthritis, tb, hiv",No,Yes,No
17,KwaZulu-Natal,Durban,KwaMashu,KwaMashu Medical Centre,Mobile Clinic,-29.842383,31.056013,011 648 3764,"Mon-Fri 08:00-16:00, Sat-Sun Closed","Primary Care, HIV/TB Testing, Immunizations, Health Education","flu, cold, fever, malaria, tb, hiv",No,Yes,Yes
18,KwaZulu-Natal,Durban,KwaMashu,KwaMashu Health Centre,Health Centre,-29.882943,31.055529,012 746 7901,"Mon-Fri 07:00-17:00, Sat 08:00-13:00","Comprehensive Care, HIV/TB Services, Maternal Health, Chronic Disease Management","diabetes, hypertension, asthma, arthritis, tb, hiv",No,Limited,Yes
19,KwaZulu-Natal,Durban,Merebank,Merebank Medical Centre,District Hospital,-29.823687,30.906052,010 422 4385,"Mon-Fri 08:00-16:00, Sat-Sun Closed","Emergency Care, General Surgery, Maternity, Pediatrics, Specialist Referral","malaria, typhoid, tb, hiv, pneumonia, stroke, diabetes, hypertension",Yes,Yes,Yes
20,KwaZulu-Natal,Durban,Merebank,Merebank Medical Centre,Health Centre,-29.869072,31.065049,012 463 6405,"Mon-Fri 07:00-17:00, Sat 08:00-13:00","Comprehensive Care, HIV/TB Services, Maternal Health, Chronic Disease Management","diabetes, hypertension, asthma, arthritis, tb, hiv",No,Yes,No
21,KwaZulu-Natal,Pietermaritzburg,Pietermaritzburg Central,Pietermaritzburg Central Medical Centre,Community Health Centre,-29.659564,30.376248,010 434 7537,24 Hours Emergency Services,"General Consultation, HIV/TB Testing, Immunizations, Maternal Health, Child Health","flu, cold, fever, headache, diarrhea, malaria, tb, hiv",Yes,Limited,Yes
22,KwaZulu-Natal,Pietermaritzburg,Pietermaritzburg Central,Pietermaritzburg Central Medical Centre,District Hospital,-29.562523,30.365459,010 303 2677,"Mon-Fri 07:00-17:00, Sat 08:00-13:00","Emergency Care, General Surgery, Maternity, Pediatrics, Specialist Referral","malaria, typhoid, tb, hiv, pneumonia, stroke, diabetes, hypertension",Yes,Yes,Yes
23,KwaZulu-Natal,Pietermaritzburg,Pietermaritzburg Central,Pietermaritzburg Central Primary Care Clinic,Primary Care Clinic,-29.523219,30.406722,012 321 6250,"Mon-Fri 07:00-17:00, Sat 08:00-13:00","General Consultation, Immunizations, Health Screening, Family Planning","flu, cold, fever, headache, diarrhea, allergy, asthma",No,Yes,No
24,KwaZulu-Natal,Pietermaritzburg,Imbali,Imbali Medical Centre,Health Centre,-29.685758,30.483019,011 538 1088,24 Hours Emergency Services,"Comprehensive Care, HIV/TB Services, Maternal Health, Chronic Disease Management","diabetes, hypertension, asthma, arthritis, tb, hiv",Yes,Limited,No
25,KwaZulu-Natal,Pietermaritzburg,Imbali,Imbali District Hospital,District Hospital,-29.545682,30.46421,012 237 9618,24 Hours Emergency Services,"Emergency Care, General Surgery, Maternity, Pediatrics, Specialist Referral","malaria, typhoid, tb, hiv, pneumonia, stroke, diabetes, hypertension",Yes,Yes,No
26,KwaZulu-Natal,Pietermaritzburg,Edendale,Edendale Medical Centre,Mobile Clinic,-29.578919,30.3498,011 984 1498,"Mon-Fri 08:00-16:00, Sat-Sun Closed","Primary Care, HIV/TB Testing, Immunizations, Health Education","flu, cold, fever, malaria, tb, hiv",No,Yes,No
27,KwaZulu-Natal,Pietermaritzburg,Edendale,Edendale Health Centre,Health Centre,-29.693225,30.384778,011 762 6860,"Mon-Fri 08:00-16:00, Sat-Sun Closed","Comprehensive Care, HIV/TB Services, Maternal Health, Chronic Disease Management","diabetes, hypertension, asthma, arthritis, tb, hiv",No,Limited,Yes
28,KwaZulu-Natal,Pietermaritzburg,Edendale,Edendale Medical Centre,Primary Care Clinic,-29.666818,30.476554,011 388 5703,"Mon-Fri 08:00-16:00, Sat-Sun Closed","General Consultation, Immunizations, Health Screening, Family Planning","flu, cold, fever, headache, diarrhea, allergy, asthma",No,Limited,Yes
29,KwaZulu-Natal,Pietermaritzburg,Edendale,Edendale Health Centre,Health Centre,-29.596696,30.305519,012 902 6020,"Mon-Fri 07:00-18:00, Sat 08:00-14:00","Comprehensive Care, HIV/TB Services, Maternal Health, Chronic Disease Management","diabetes, hypertension, asthma, arthritis, tb, hiv",No,Yes,Yes
30,KwaZulu-Natal,Pietermaritzburg,Northdale,Northdale Health Centre,Health Centre,-29.618143,30.302155,011 115 7678,"Mon-Fri 07:00-17:00, Sat 08:00-13:00","Comprehensive Care, HIV/TB Services, Maternal Health, Chronic Disease Management","diabetes, hypertension, asthma, arthritis, tb, hiv",No,Limited,Yes
31,KwaZulu-Natal,Pietermaritzburg,Northdale,Northdale Medical Centre,Community Health Centre,-29.54881,30.407029,012 585 9411,"Mon-Fri 08:00-16:00, Sat-Sun Closed","General Consultation, HIV/TB Testing, Immunizations, Maternal Health, Child Health","flu, cold, fever, headache, diarrhea, malaria, tb, hiv",No,Yes,Yes
32,KwaZulu-Natal,Pietermaritzburg,Northdale,Northdale Medical Centre,Mobile Clinic,-29.681506,30.476613,011 747 8974,"Mon-Fri 07:00-17:00, Sat 08:00-13:00","Primary Care, HIV/TB Testing, Immunizations, Health Education","flu, cold, fever, malaria, tb, hiv",No,Yes,Yes
33,KwaZulu-Natal,Pietermaritzburg,Northdale,Northdale Primary Care Clinic,Primary Care Clinic,-29.635362,30.46508,010 785 2872,24 Hours Emergency Services,"General Consultation, Immunizations, Health Screening, Family Planning","flu, cold, fever, headache, diarrhea, allergy, asthma",Yes,Yes,Yes
34,KwaZulu-Natal,Pietermaritzburg,Scottsville,Scottsville District Hospital,District Hospital,-29.660621,30.38323,010 551 9203,"Mon-Fri 07:00-18:00, Sat 08:00-14:00","Emergency Care, General Surgery, Maternity, Pediatrics, Specialist Referral","malaria, typhoid, tb, hiv, pneumonia, stroke, diabetes, hypertension",Yes,Yes,Yes
35,KwaZulu-Natal,Pietermaritzburg,Scottsville,Scottsville Health Centre,Health Centre,-29.693697,30.373083,012 942 1807,24 Hours Emergency Services,"Comprehensive Care, HIV/TB Services, Maternal Health, Chronic Disease Management","diabetes, hypertension, asthma, arthritis, tb, hiv",Yes,Yes,No
36,KwaZulu-Natal,Newcastle,Newcastle Central,Newcastle Central Mobile Clinic,Mobile Clinic,-27.722694,29.992195,011 886 4157,24 Hours Emergency Services,"Primary Care, HIV/TB Testing, Immunizations, Health Education","flu, cold, fever, malaria, tb, hiv",Yes,Yes,Yes
37,KwaZulu-Natal,Newcastle,Newcastle Central,Newcastle Central Medical Centre,Health Centre,-27.727482,29.955882,010 342 4505,"Mon-Fri 08:00-16:00, Sat-Sun Closed","Comprehensive Care, HIV/TB Services, Maternal Health, Chronic Disease Management","diabetes, hypertension, asthma, arthritis, tb, hiv",No,Yes,Yes
38,KwaZulu-Natal,Newcastle,Newcastle Central,Newcastle Central Medical Centre,Primary Care Clinic,-27.792393,29.985892,011 359 4100,24 Hours Emergency Services,"General Consultation, Immunizations, Health Screening, Family Planning","flu, cold, fever, headache, diarrhea, allergy, asthma",Yes,Yes,No
39,KwaZulu-Natal,Newcastle,Madadeni,Madadeni Medical Centre,Community Health Centre,-27.745814,29.978064,012 410 4895,"Mon-Fri 07:00-17:00, Sat 08:00-13:00","General Consultation, HIV/TB Testing, Immunizations, Maternal Health, Child Health","flu, cold, fever, headache, diarrhea, malaria, tb, hiv",No,Yes,No
40,KwaZulu-Natal,Newcastle,Madadeni,Madadeni Medical Centre,District Hospital,-27.791534,29.980346,012 743 1735,24 Hours Emergency Services,"Emergency Care, General Surgery, Maternity, Pediatrics, Specialist Referral","malaria, typhoid, tb, hiv, pneumonia, stroke, diabetes, hypertension",Yes,Yes,No
41,KwaZulu-Natal,Newcastle,Madadeni,Madadeni Medical Centre,Mobile Clinic,-27.739567,29.994314,011 294 4035,"Mon-Fri 08:00-16:00, Sat-Sun Closed","Primary Care, HIV/TB Testing, Immunizations, Health Education","flu, cold, fever, malaria, tb, hiv",No,Yes,Yes
42,KwaZulu-Natal,Newcastle,Osizweni,Osizweni Community Health Centre,Community Health Centre,-27.794624,29.991985,012 305 5663,"Mon-Fri 07:00-17:00, Sat 08:00-13:00","General Consultation, HIV/TB Testing, Immunizations, Maternal Health, Child Health","flu, cold, fever, headache, diarrhea, malaria, tb, hiv",No,Yes,Yes
43,KwaZulu-Natal,Newcastle,Osizweni,Osizweni Medical Centre,Community Health Centre,-27.794522,29.922633,011 353 7377,24 Hours Emergency Services,"General Consultation, HIV/TB Testing, Immunizations, Maternal Health, Child Health","flu, cold, fever, headache, diarrhea, malaria, tb, hiv",Yes,Limited,Yes
44,KwaZulu-Natal,Newcastle,Osizweni,Osizweni Community Health Centre,Community Health Centre,-27.718553,29.980169,012 872 9642,24 Hours Emergency Services,"General Consultation, HIV/TB Testing, Immunizations, Maternal Health, Child Health","flu, cold, fever, headache, diarrhea, malaria, tb, hiv",Yes,Limited,Yes
45,KwaZulu-Natal,Newcastle,Dundee,Dundee Health Centre,Health Centre,-27.799232,29.929152,012 495 8586,"Mon-Fri 07:00-18:00, Sat 08:00-14:00","Comprehensive Care, HIV/TB Services, Maternal Health, Chronic Disease Management","diabetes, hypertension, asthma, arthritis, tb, hiv",No,Limited,No
46,KwaZulu-Natal,Newcastle,Dundee,Dundee Community Health Centre,Community Health Centre,-27.720588,29.954287,010 243 2480,"Mon-Fri 08:00-16:00, Sat-Sun Closed","General Consultation, HIV/TB Testing, Immunizations, Maternal Health, Child Health","flu, cold, fever, headache, diarrhea, malaria, tb, hiv",No,Limited,Yes
47,KwaZulu-Natal,Newcastle,Dundee,Dundee Medical Centre,Health Centre,-27.751039,29.943512,011 745 4938,"Mon-Fri 07:00-18:00, Sat 08:00-14:00","Comprehensive Care, HIV/TB Services, Maternal Health, Chronic Disease Management","diabetes, hypertension, asthma, arthritis, tb, hiv",No,Yes,Yes
48,KwaZulu-Natal,Newcastle,Glencoe,Glencoe Medical Centre,Community Health Centre,-27.705832,29.966873,011 212 9941,24 Hours Emergency Services,"General Consultation, HIV/TB Testing, Immunizations, Maternal Health, Child Health","flu, cold, fever, headache, diarrhea, malaria, tb, hiv",Yes,Limited,Yes
49,KwaZulu-Natal,Newcastle,Glencoe,Glencoe Mobile Clinic,Mobile Clinic,-27.781142,29.914154,011 441 9030,"Mon-Fri 07:00-17:00, Sat 08:00-13:00","Primary Care, HIV/TB Testing, Immunizations, Health Education","flu, cold, fever, malaria, tb, hiv",No,Yes,Yes
50,KwaZulu-Natal,Newcastle,Glencoe,Glencoe District Hospital,District Hospital,-27.74448,29.933769,011 535 4731,"Mon-Fri 07:00-17:00, Sat 08:00-13:00","Emergency Care, General Surgery, Maternity, Pediatrics, Specialist Referral","malaria, typhoid, tb, hiv, pneumonia, stroke, diabetes, hypertension",Yes,Yes,Yes
51,KwaZulu-Natal,Richards Bay,Richards Bay Central,Richards Bay Central Medical Centre,Mobile Clinic,-28.797642,32.002065,010 173 8628,24 Hours Emergency Services,"Primary Care, HIV/TB Testing, Immunizations, Health Education","flu, cold, fever, malaria, tb, hiv",Yes,Yes,Yes
52,KwaZulu-Natal,Richards Bay,Richards Bay Central,Richards Bay Central Medical Centre,District Hospital,-28.76605,32.034037,011 454 5057,"Mon-Fri 07:00-18:00, Sat 08:00-14:00","Emergency Care, General Surgery, Maternity, Pediatrics, Specialist Referral","malaria, typhoid, tb, hiv, pneumonia, stroke, diabetes, hypertension",Yes,Yes,Yes
53,KwaZulu-Natal,Richards Bay,Richards Bay Central,Richards Bay Central Medical Centre,District Hospital,-28.715288,32.015385,010 265 7204,"Mon-Fri 07:00-18:00, Sat 08:00-14:00","Emergency Care, General Surgery, Maternity, Pediatrics, Specialist Referral","malaria, typhoid, tb, hiv, pneumonia, stroke, diabetes, hypertension",Yes,Yes,No
54,KwaZulu-Natal,Richards Bay,Richards Bay Central,Richards Bay Central District Hospital,District Hospital,-28.727397,32.038154,011 383 6071,24 Hours Emergency Services,"Emergency Care, General Surgery, Maternity, Pediatrics, Specialist Referral","malaria, typhoid, tb, hiv, pneumonia, stroke, diabetes, hypertension",Yes,Yes,Yes
55,KwaZulu-Natal,Richards Bay,Empangeni,Empangeni District Hospital,District Hospital,-28.733753,32.067983,010 141 5141,"Mon-Fri 07:00-18:00, Sat 08:00-14:00","Emergency Care, General Surgery, Maternity, Pediatrics, Specialist Referral","malaria, typhoid, tb, hiv, pneumonia, stroke, diabetes, hypertension",Yes,Limited,No
56,KwaZulu-Natal,Richards Bay,Empangeni,Empangeni Medical Centre,Primary Care Clinic,-28.76025,32.011513,010 349 5925,"Mon-Fri 07:00-18:00, Sat 08:00-14:00","General Consultation, Immunizations, Health Screening, Family Planning","flu, cold, fever, headache, diarrhea, allergy, asthma",No,Limited,Yes
57,KwaZulu-Natal,Richards Bay,Empangeni,Empangeni District Hospital,District Hospital,-28.7892,32.063084,010 338 1615,"Mon-Fri 07:00-17:00, Sat 08:00-13:00","Emergency Care, General Surgery, Maternity, Pediatrics, Specialist Referral","malaria, typhoid, tb, hiv, pneumonia, stroke, diabetes, hypertension",Yes,Limited,Yes
58,KwaZulu-Natal,Richards Bay,Empangeni,Empangeni Community Health Centre,Community Health Centre,-28.741898,32.051842,011 106 8889,"Mon-Fri 08:00-16:00, Sat-Sun Closed","General Consultation, HIV/TB Testing, Immunizations, Maternal Health, Child Health","flu, cold, fever, headache, diarrhea, malaria, tb, hiv",No,Limited,No
59,KwaZulu-Natal,Richards Bay,Mbonambi,Mbonambi Medical Centre,Primary Care Clinic,-28.797807,32.048743,010 314 5535,"Mon-Fri 07:00-18:00, Sat 08:00-14:00","General Consultation, Immunizations, Health Screening, Family Planning","flu, cold, fever, headache, diarrhea, allergy, asthma",No,Yes,No
60,KwaZulu-Natal,Richards Bay,Mbonambi,Mbonambi Medical Centre,Primary Care Clinic,-28.750704,32.036506,012 532 1943,"Mon-Fri 08:00-16:00, Sat-Sun Closed","General Consultation, Immunizations, Health Screening, Family Planning","flu, cold, fever, headache, diarrhea, allergy, asthma",No,Yes,Yes
61,KwaZulu-Natal,Richards Bay,Mbonambi,Mbonambi Medical Centre,Community Health Centre,-28.769799,32.072521,010 480 1247,24 Hours Emergency Services,"General Consultation, HIV/TB Testing, Immunizations, Maternal Health, Child Health","flu, cold, fever, headache, diarrhea, malaria, tb, hiv",Yes,Limited,Yes
62,KwaZulu-Natal,Richards Bay,Nseleni,Nseleni Medical Centre,Community Health Centre,-28.758686,32.010021,010 438 1360,"Mon-Fri 07:00-18:00, Sat 08:00-14:00","General Consultation, HIV/TB Testing, Immunizations, Maternal Health, Child Health","flu, cold, fever, headache, diarrhea, malaria, tb, hiv",No,Yes,Yes
63,KwaZulu-Natal,Richards Bay,Nseleni,Nseleni Mobile Clinic,Mobile Clinic,-28.773065,32.040625,011 118 3495,"Mon-Fri 08:00-16:00, Sat-Sun Closed","Primary Care, HIV/TB Testing, Immunizations, Health Education","flu, cold, fever, malaria, tb, hiv",No,Yes,Yes
64,KwaZulu-Natal,Richards Bay,Nseleni,Nseleni Health Centre,Health Centre,-28.751799,32.038652,010 730 5192,24 Hours Emergency Services,"Comprehensive Care, HIV/TB Services, Maternal Health, Chronic Disease Management","diabetes, hypertension, asthma, arthritis, tb, hiv",Yes,Yes,Yes
65,KwaZulu-Natal,Richards Bay,Nseleni,Nseleni Mobile Clinic,Mobile Clinic,-28.769667,32.069782,012 223 4246,"Mon-Fri 07:00-17:00, Sat 08:00-13:00","Primary Care, HIV/TB Testing, Immunizations, Health Education","flu, cold, fever, malaria, tb, hiv",No,Yes,Yes
66,KwaZulu-Natal,Richards Bay,Brackenham,Brackenham Medical Centre,Community Health Centre,-28.753404,32.031323,010 284 5851,"Mon-Fri 08:00-16:00, Sat-Sun Closed","General Consultation, HIV/TB Testing, Immunizations, Maternal Health, Child Health","flu, cold, fever, headache, diarrhea, malaria, tb, hiv",No,Yes,Yes
67,KwaZulu-Natal,Richards Bay,Brackenham,Brackenham Medical Centre,District Hospital,-28.748729,32.079286,011 771 8916,24 Hours Emergency Services,"Emergency Care, General Surgery, Maternity, Pediatrics, Specialist Referral","malaria, typhoid, tb, hiv, pneumonia, stroke, diabetes, hypertension",Yes,Limited,No
68,KwaZulu-Natal,Richards Bay,Brackenham,Brackenham Medical Centre,District Hospital,-28.747031,32.023466,010 286 4758,"Mon-Fri 07:00-17:00, Sat 08:00-13:00","Emergency Care, General Surgery, Maternity, Pediatrics, Specialist Referral","malaria, typhoid, tb, hiv, pneumonia, stroke, diabetes, hypertension",Yes,Limited,No
69,KwaZulu-Natal,Richards Bay,Brackenham,Brackenham Medical Centre,Community Health Centre,-28.737526,32.028928,011 500 8903,"Mon-Fri 08:00-16:00, Sat-Sun Closed","General Consultation, HIV/TB Testing, Immunizations, Maternal Health, Child Health","flu, cold, fever, headache, diarrhea, malaria, tb, hiv",No,Yes,Yes
70,KwaZulu-Natal,Empangeni,Empangeni Central,Empangeni Central Medical Centre,Mobile Clinic,-28.759936,31.970348,012 570 3923,"Mon-Fri 07:00-17:00, Sat 08:00-13:00","Primary Care, HIV/TB Testing, Immunizations, Health Education","flu, cold, fever, malaria, tb, hiv",No,Yes,No
71,KwaZulu-Natal,Empangeni,Empangeni Central,Empangeni Central Medical Centre,Community Health Centre,-28.79685,31.975975,012 729 6438,"Mon-Fri 07:00-17:00, Sat 08:00-13:00","General Consultation, HIV/TB Testing, Immunizations, Maternal Health, Child Health","flu, cold, fever, headache, diarrhea, malaria, tb, hiv",No,Limited,Yes
72,KwaZulu-Natal,Empangeni,Empangeni Central,Empangeni Central Community Health Centre,Community Health Centre,-28.772732,31.925972,011 229 5858,24 Hours Emergency Services,"General Consultation, HIV/TB Testing, Immunizations, Maternal Health, Child Health","flu, cold, fever, headache, diarrhea, malaria, tb, hiv",Yes,Yes,Yes
73,KwaZulu-Natal,Empangeni,Empangeni Central,Empangeni Central Medical Centre,Primary Care Clinic,-28.71959,31.952814,010 747 4151,"Mon-Fri 07:00-17:00, Sat 08:00-13:00","General Consultation, Immunizations, Health Screening, Family Planning","flu, cold, fever, headache, diarrhea, allergy, asthma",No,Limited,Yes
74,KwaZulu-Natal,Empangeni,Velddrif,Velddrif Medical Centre,Health Centre,-28.731348,31.93983,010 998 2367,"Mon-Fri 08:00-16:00, Sat-Sun Closed","Comprehensive Care, HIV/TB Services, Maternal Health, Chronic Disease Management","diabetes, hypertension, asthma, arthritis, tb, hiv",No,Limited,Yes
75,KwaZulu-Natal,Empangeni,Velddrif,Velddrif Medical Centre,District Hospital,-28.714385,31.903991,011 205 3500,"Mon-Fri 07:00-18:00, Sat 08:00-14:00","Emergency Care, General Surgery, Maternity, Pediatrics, Specialist Referral","malaria, typhoid, tb, hiv, pneumonia, stroke, diabetes, hypertension",Yes,Yes,Yes
76,KwaZulu-Natal,Empangeni,Kuleka,Kuleka Primary Care Clinic,Primary Care Clinic,-28.729176,31.900652,012 384 2695,"Mon-Fri 07:00-18:00, Sat 08:00-14:00","General Consultation, Immunizations, Health Screening, Family Planning","flu, cold, fever, headache, diarrhea, allergy, asthma",No,Yes,Yes
77,KwaZulu-Natal,Empangeni,Kuleka,Kuleka Medical Centre,Community Health Centre,-28.734981,31.941258,011 833 1343,24 Hours Emergency Services,"General Consultation, HIV/TB Testing, Immunizations, Maternal Health, Child Health","flu, cold, fever, headache, diarrhea, malaria, tb, hiv",Yes,Yes,Yes
78,KwaZulu-Natal,Empangeni,Kuleka,Kuleka Health Centre,Health Centre,-28.744891,31.933335,010 934 1927,"Mon-Fri 08:00-16:00, Sat-Sun Closed","Comprehensive Care, HIV/TB Services, Maternal Health, Chronic Disease Management","diabetes, hypertension, asthma, arthritis, tb, hiv",No,Yes,Yes
79,KwaZulu-Natal,Empangeni,Kuleka,Kuleka District Hospital,District Hospital,-28.700117,31.955661,012 942 1910,"Mon-Fri 07:00-17:00, Sat 08:00-13:00","Emergency Care, General Surgery, Maternity, Pediatrics, Specialist Referral","malaria, typhoid, tb, hiv, pneumonia, stroke, diabetes, hypertension",Yes,Yes,Yes
80,KwaZulu-Natal,Empangeni,Ngwelezane,Ngwelezane Medical Centre,Community Health Centre,-28.715308,31.981242,011 371 1288,"Mon-Fri 08:00-16:00, Sat-Sun Closed","General Consultation, HIV/TB Testing, Immunizations, Maternal Health, Child Health","flu, cold, fever, headache, diarrhea, malaria, tb, hiv",No,Yes,No
81,KwaZulu-Natal,Empangeni,Ngwelezane,Ngwelezane Health Centre,Health Centre,-28.788294,31.975444,012 741 4205,"Mon-Fri 07:00-17:00, Sat 08:00-13:00","Comprehensive Care, HIV/TB Services, Maternal Health, Chronic Disease Management","diabetes, hypertension, asthma, arthritis, tb, hiv",No,Yes,Yes
82,KwaZulu-Natal,Empangeni,Mkhwanazi,Mkhwanazi Community Health Centre,Community Health Centre,-28.751253,31.960756,012 324 9157,"Mon-Fri 07:00-17:00, Sat 08:00-13:00","General Consultation, HIV/TB Testing, Immunizations, Maternal Health, Child Health","flu, cold, fever, headache, diarrhea, malaria, tb, hiv",No,Yes,Yes
83,KwaZulu-Natal,Empangeni,Mkhwanazi,Mkhwanazi Medical Centre,Health Centre,-28.775885,31.9484,012 903 9669,"Mon-Fri 07:00-17:00, Sat 08:00-13:00","Comprehensive Care, HIV/TB Services, Maternal Health, Chronic Disease Management","diabetes, hypertension, asthma, arthritis, tb, hiv",No,Limited,Yes
84,KwaZulu-Natal,Empangeni,Mkhwanazi,Mkhwanazi Medical Centre,Mobile Clinic,-28.768967,31.91913,012 406 3712,"Mon-Fri 08:00-16:00, Sat-Sun Closed","Primary Care, HIV/TB Testing, Immunizations, Health Education","flu, cold, fever, malaria, tb, hiv",No,Yes,Yes
85,KwaZulu-Natal,Empangeni,Mkhwanazi,Mkhwanazi Medical Centre,Mobile Clinic,-28.737918,31.990029,011 293 7790,"Mon-Fri 08:00-16:00, Sat-Sun Closed","Primary Care, HIV/TB Testing, Immunizations, Health Education","flu, cold, fever, malaria, tb, hiv",No,Yes,No
86,KwaZulu-Natal,Ladysmith,Ladysmith Central,Ladysmith Central Medical Centre,District Hospital,-28.596855,29.706109,010 925 1270,"Mon-Fri 08:00-16:00, Sat-Sun Closed","Emergency Care, General Surgery, Maternity, Pediatrics, Specialist Referral","malaria, typhoid, tb, hiv, pneumonia, stroke, diabetes, hypertension",Yes,Yes,Yes
87,KwaZulu-Natal,Ladysmith,Ladysmith Central,Ladysmith Central Community Health Centre,Community Health Centre,-28.528318,29.740998,012 566 1798,"Mon-Fri 07:00-18:00, Sat 08:00-14:00","General Consultation, HIV/TB Testing, Immunizations, Maternal Health, Child Health","flu, cold, fever, headache, diarrhea, malaria, tb, hiv",No,Yes,Yes
88,KwaZulu-Natal,Ladysmith,Ladysmith Central,Ladysmith Central Medical Centre,Health Centre,-28.597793,29.731159,012 994 2599,"Mon-Fri 07:00-18:00, Sat 08:00-14:00","Comprehensive Care, HIV/TB Services, Maternal Health, Chronic Disease Management","diabetes, hypertension, asthma, arthritis, tb, hiv",No,Limited,Yes
89,KwaZulu-Natal,Ladysmith,Ladysmith Central,Ladysmith Central Mobile Clinic,Mobile Clinic,-28.559818,29.760982,012 315 1697,24 Hours Emergency Services,"Primary Care, HIV/TB Testing, Immunizations, Health Education","flu, cold, fever, malaria, tb, hiv",Yes,Yes,No
90,KwaZulu-Natal,Ladysmith,Ezakheni,Ezakheni District Hospital,District Hospital,-28.586734,29.748336,010 558 5089,"Mon-Fri 07:00-17:00, Sat 08:00-13:00","Emergency Care, General Surgery, Maternity, Pediatrics, Specialist Referral","malaria, typhoid, tb, hiv, pneumonia, stroke, diabetes, hypertension",Yes,Yes,No
91,KwaZulu-Natal,Ladysmith,Ezakheni,Ezakheni Health Centre,Health Centre,-28.551264,29.755973,010 163 3359,"Mon-Fri 08:00-16:00, Sat-Sun Closed","Comprehensive Care, HIV/TB Services, Maternal Health, Chronic Disease Management","diabetes, hypertension, asthma, arthritis, tb, hiv",No,Limited,Yes
92,KwaZulu-Natal,Ladysmith,Colenso,Colenso Primary Care Clinic,Primary Care Clinic,-28.565303,29.732721,012 739 8664,"Mon-Fri 07:00-18:00, Sat 08:00-14:00","General Consultation, Immunizations, Health Screening, Family Planning","flu, cold, fever, headache, diarrhea, allergy, asthma",No,Limited,No
93,KwaZulu-Natal,Ladysmith,Colenso,Colenso Medical Centre,Mobile Clinic,-28.522898,29.731562,011 235 6823,"Mon-Fri 07:00-17:00, Sat 08:00-13:00","Primary Care, HIV/TB Testing, Immunizations, Health Education","flu, cold, fever, malaria, tb, hiv",No,Yes,No
94,KwaZulu-Natal,Ladysmith,Van Reenen,Van Reenen Mobile Clinic,Mobile Clinic,-28.556868,29.744267,010 660 3230,"Mon-Fri 07:00-18:00, Sat 08:00-14:00","Primary Care, HIV/TB Testing, Immunizations, Health Education","flu, cold, fever, malaria, tb, hiv",No,Limited,Yes
95,KwaZulu-Natal,Ladysmith,Van Reenen,Van Reenen Primary Care Clinic,Primary Care Clinic,-28.50662,29.70652,012 668 6233,24 Hours Emergency Services,"General Consultation, Immunizations, Health Screening, Family Planning","flu, cold, fever, headache, diarrhea, allergy, asthma",Yes,Limited,No
96,KwaZulu-Natal,Port Shepstone,Port Shepstone Central,Port Shepstone Central Medical Centre,Mobile Clinic,-30.740691,30.400653,012 338 7916,24 Hours Emergency Services,"Primary Care, HIV/TB Testing, Immunizations, Health Education","flu, cold, fever, malaria, tb, hiv",Yes,Yes,Yes
97,KwaZulu-Natal,Port Shepstone,Port Shepstone Central,Port Shepstone Central District Hospital,District Hospital,-30.722755,30.470844,012 559 7896,24 Hours Emergency Services,"Emergency Care, General Surgery, Maternity, Pediatrics, Specialist Referral","malaria, typhoid, tb, hiv, pneumonia, stroke, diabetes, hypertension",Yes,Limited,Yes
98,KwaZulu-Natal,Port Shepstone,Shelly Beach,Shelly Beach Medical Centre,Community Health Centre,-30.726378,30.453723,010 380 4545,"Mon-Fri 07:00-17:00, Sat 08:00-13:00","General Consultation, HIV/TB Testing, Immunizations, Maternal Health, Child Health","flu, cold, fever, headache, diarrhea, malaria, tb, hiv",No,Yes,Yes
99,KwaZulu-Natal,Port Shepstone,Shelly Beach,Shelly Beach Mobile Clinic,Mobile Clinic,-30.78219,30.484062,010 286 6617,24 Hours Emergency Services,"Primary Care, HIV/TB Testing, Immunizations, Health Education","flu, cold, fever, malaria, tb, hiv",Yes,Limited,Yes
100,KwaZulu-Natal,Port Shepstone,Shelly Beach,Shelly Beach Primary Care Clinic,Primary Care Clinic,-30.705305,30.495722,012 516 3928,"Mon-Fri 08:00-16:00, Sat-Sun Closed","General Consultation, Immunizations, Health Screening, Family Planning","flu, cold, fever, headache, diarrhea, allergy, asthma",No,Yes,Yes
101,KwaZulu-Natal,Port Shepstone,Uvongo,Uvongo Medical Centre,District Hospital,-30.706119,30.450475,011 888 5225,"Mon-Fri 08:00-16:00, Sat-Sun Closed","Emergency Care, General Surgery, Maternity, Pediatrics, Specialist Referral","malaria, typhoid, tb, hiv, pneumonia, stroke, diabetes, hypertension",Yes,Yes,Yes
102,KwaZulu-Natal,Port Shepstone,Uvongo,Uvongo Medical Centre,District Hospital,-30.778686,30.444837,010 267 2190,"Mon-Fri 07:00-17:00, Sat 08:00-13:00","Emergency Care, General Surgery, Maternity, Pediatrics, Specialist Referral","malaria, typhoid, tb, hiv, pneumonia, stroke, diabetes, hypertension",Yes,Yes,Yes
103,KwaZulu-Natal,Port Shepstone,Margate,Margate Mobile Clinic,Mobile Clinic,-30.74883,30.498284,012 150 6555,"Mon-Fri 07:00-18:00, Sat 08:00-14:00","Primary Care, HIV/TB Testing, Immunizations, Health Education","flu, cold, fever, malaria, tb, hiv",No,Yes,No
104,KwaZulu-Natal,Port Shepstone,Margate,Margate Primary Care Clinic,Primary Care Clinic,-30.730975,30.431699,010 362 8862,24 Hours Emergency Services,"General Consultation, Immunizations, Health Screening, Family Planning","flu, cold, fever, headache, diarrhea, allergy, asthma",Yes,Limited,Yes
105,KwaZulu-Natal,Port Shepstone,Ramsgate,Ramsgate Medical Centre,Health Centre,-30.769194,30.494784,012 375 6392,24 Hours Emergency Services,"Comprehensive Care, HIV/TB Services, Maternal Health, Chronic Disease Management","diabetes, hypertension, asthma, arthritis, tb, hiv",Yes,Yes,Yes
106,KwaZulu-Natal,Port Shepstone,Ramsgate,Ramsgate Community Health Centre,Community Health Centre,-30.725459,30.420867,010 290 8027,"Mon-Fri 07:00-17:00, Sat 08:00-13:00","General Consultation, HIV/TB Testing, Immunizations, Maternal Health, Child Health","flu, cold, fever, headache, diarrhea, malaria, tb, hiv",No,Yes,No
107,KwaZulu-Natal,Eshowe,Eshowe Central,Eshowe Central Mobile Clinic,Mobile Clinic,-28.801415,31.448717,011 761 6638,"Mon-Fri 08:00-16:00, Sat-Sun Closed","Primary Care, HIV/TB Testing, Immunizations, Health Education","flu, cold, fever, malaria, tb, hiv",No,Yes,Yes
108,KwaZulu-Natal,Eshowe,Eshowe Central,Eshowe Central Community Health Centre,Community Health Centre,-28.876334,31.4946,011 788 4274,24 Hours Emergency Services,"General Consultation, HIV/TB Testing, Immunizations, Maternal Health, Child Health","flu, cold, fever, headache, diarrhea, malaria, tb, hiv",Yes,Yes,Yes
109,KwaZulu-Natal,Eshowe,Eshowe Central,Eshowe Central Medical Centre,District Hospital,-28.837234,31.434996,011 426 7402,"Mon-Fri 07:00-17:00, Sat 08:00-13:00","Emergency Care, General Surgery, Maternity, Pediatrics, Specialist Referral","malaria, typhoid, tb, hiv, pneumonia, stroke, diabetes, hypertension",Yes,Yes,Yes
110,KwaZulu-Natal,Eshowe,Mtunzini,Mtunzini Medical Centre,Mobile Clinic,-28.895799,31.432424,012 755 2794,24 Hours Emergency Services,"Primary Care, HIV/TB Testing, Immunizations, Health Education","flu, cold, fever, malaria, tb, hiv",Yes,Limited,Yes
111,KwaZulu-Natal,Eshowe,Mtunzini,Mtunzini Medical Centre,Mobile Clinic,-28.892224,31.442056,010 729 3382,24 Hours Emergency Services,"Primary Care, HIV/TB Testing, Immunizations, Health Education","flu, cold, fever, malaria, tb, hiv",Yes,Limited,Yes
112,KwaZulu-Natal,Eshowe,Gingindlovu,Gingindlovu Medical Centre,Health Centre,-28.871505,31.461446,012 764 9982,"Mon-Fri 07:00-17:00, Sat 08:00-13:00","Comprehensive Care, HIV/TB Services, Maternal Health, Chronic Disease Management","diabetes, hypertension, asthma, arthritis, tb, hiv",No,Yes,No
113,KwaZulu-Natal,Eshowe,Gingindlovu,Gingindlovu Primary Care Clinic,Primary Care Clinic,-28.815645,31.469861,012 438 9760,"Mon-Fri 07:00-18:00, Sat 08:00-14:00","General Consultation, Immunizations, Health Screening, Family Planning","flu, cold, fever, headache, diarrhea, allergy, asthma",No,Limited,No
114,KwaZulu-Natal,Eshowe,Nkandla,Nkandla District Hospital,District Hospital,-28.862476,31.45096,010 240 2832,24 Hours Emergency Services,"Emergency Care, General Surgery, Maternity, Pediatrics, Specialist Referral","malaria, typhoid, tb, hiv, pneumonia, stroke, diabetes, hypertension",Yes,Yes,No
115,KwaZulu-Natal,Eshowe,Nkandla,Nkandla Medical Centre,Community Health Centre,-28.864376,31.49204,012 106 2415,24 Hours Emergency Services,"General Consultation, HIV/TB Testing, Immunizations, Maternal Health, Child Health","flu, cold, fever, headache, diarrhea, malaria, tb, hiv",Yes,Yes,Yes
116,KwaZulu-Natal,Eshowe,Nkandla,Nkandla Medical Centre,District Hospital,-28.83176,31.486395,011 452 8330,"Mon-Fri 08:00-16:00, Sat-Sun Closed","Emergency Care, General Surgery, Maternity, Pediatrics, Specialist Referral","malaria, typhoid, tb, hiv, pneumonia, stroke, diabetes, hypertension",Yes,Yes,Yes
117,KwaZulu-Natal,Eshowe,Melmoth,Melmoth Community Health Centre,Community Health Centre,-28.861673,31.470058,010 999 6022,"Mon-Fri 07:00-17:00, Sat 08:00-13:00","General Consultation, HIV/TB Testing, Immunizations, Maternal Health, Child Health","flu, cold, fever, headache, diarrhea, malaria, tb, hiv",No,Limited,Yes
118,KwaZulu-Natal,Eshowe,Melmoth,Melmoth Community Health Centre,Community Health Centre,-28.834491,31.474162,011 802 6758,"Mon-Fri 07:00-17:00, Sat 08:00-13:00","General Consultation, HIV/TB Testing, Immunizations, Maternal Health, Child Health","flu, cold, fever, headache, diarrhea, malaria, tb, hiv",No,Yes,Yes
119,KwaZulu-Natal,Eshowe,Melmoth,Melmoth Medical Centre,Primary Care Clinic,-28.813829,31.46762,012 962 1220,"Mon-Fri 07:00-17:00, Sat 08:00-13:00","General Consultation, Immunizations, Health Screening, Family Planning","flu, cold, fever, headache, diarrhea, allergy, asthma",No,Yes,No
120,KwaZulu-Natal,Eshowe,Melmoth,Melmoth Medical Centre,Mobile Clinic,-28.869758,31.476926,011 330 9432,"Mon-Fri 07:00-18:00, Sat 08:00-14:00","Primary Care, HIV/TB Testing, Immunizations, Health Education","flu, cold, fever, malaria, tb, hiv",No,Yes,No
121,KwaZulu-Natal,Vryheid,Vryheid Central,Vryheid Central Medical Centre,Mobile Clinic,-27.704345,30.849841,012 191 8070,"Mon-Fri 07:00-17:00, Sat 08:00-13:00","Primary Care, HIV/TB Testing, Immunizations, Health Education","flu, cold, fever, malaria, tb, hiv",No,Yes,Yes
122,KwaZulu-Natal,Vryheid,Vryheid Central,Vryheid Central Community Health Centre,Community Health Centre,-27.702251,30.831297,010 500 9292,24 Hours Emergency Services,"General Consultation, HIV/TB Testing, Immunizations, Maternal Health, Child Health","flu, cold, fever, headache, diarrhea, malaria, tb, hiv",Yes,Yes,Yes
123,KwaZulu-Natal,Vryheid,Vryheid Central,Vryheid Central Medical Centre,District Hospital,-27.707264,30.805273,011 656 3085,"Mon-Fri 08:00-16:00, Sat-Sun Closed","Emergency Care, General Surgery, Maternity, Pediatrics, Specialist Referral","malaria, typhoid, tb, hiv, pneumonia, stroke, diabetes, hypertension",Yes,Limited,No
124,KwaZulu-Natal,Vryheid,Nongoma,Nongoma Mobile Clinic,Mobile Clinic,-27.773824,30.896559,010 668 7243,"Mon-Fri 08:00-16:00, Sat-Sun Closed","Primary Care, HIV/TB Testing, Immunizations, Health Education","flu, cold, fever, malaria, tb, hiv",No,Yes,Yes
125,KwaZulu-Natal,Vryheid,Nongoma,Nongoma Community Health Centre,Community Health Centre,-27.751737,30.825718,011 517 1448,"Mon-Fri 07:00-18:00, Sat 08:00-14:00","General Consultation, HIV/TB Testing, Immunizations, Maternal Health, Child Health","flu, cold, fever, headache, diarrhea, malaria, tb, hiv",No,Yes,Yes
126,KwaZulu-Natal,Vryheid,Ulundi,Ulundi Mobile Clinic,Mobile Clinic,-27.727244,30.802543,012 120 5285,"Mon-Fri 08:00-16:00, Sat-Sun Closed","Primary Care, HIV/TB Testing, Immunizations, Health Education","flu, cold, fever, malaria, tb, hiv",No,Yes,No
127,KwaZulu-Natal,Vryheid,Ulundi,Ulundi Medical Centre,Health Centre,-27.725559,30.856894,011 719 8013,"Mon-Fri 07:00-17:00, Sat 08:00-13:00","Comprehensive Care, HIV/TB Services, Maternal Health, Chronic Disease Management","diabetes, hypertension, asthma, arthritis, tb, hiv",No,Yes,No
128,KwaZulu-Natal,Vryheid,Ulundi,Ulundi Primary Care Clinic,Primary Care Clinic,-27.746037,30.878356,011 848 6254,"Mon-Fri 07:00-18:00, Sat 08:00-14:00","General Consultation, Immunizations, Health Screening, Family Planning","flu, cold, fever, headache, diarrhea, allergy, asthma",No,Limited,No
129,KwaZulu-Natal,Vryheid,Babanango,Babanango Health Centre,Health Centre,-27.721161,30.833772,011 927 7031,"Mon-Fri 07:00-17:00, Sat 08:00-13:00","Comprehensive Care, HIV/TB Services, Maternal Health, Chronic Disease Management","diabetes, hypertension, asthma, arthritis, tb, hiv",No,Yes,Yes
130,KwaZulu-Natal,Vryheid,Babanango,Babanango Mobile Clinic,Mobile Clinic,-27.773295,30.820653,010 133 6172,24 Hours Emergency Services,"Primary Care, HIV/TB Testing, Immunizations, Health Education","flu, cold, fever, malaria, tb, hiv",Yes,Yes,Yes
131,KwaZulu-Natal,Vryheid,Paulpietersburg,Paulpietersburg Medical Centre,Health Centre,-27.708298,30.879843,012 466 7009,"Mon-Fri 07:00-18:00, Sat 08:00-14:00","Comprehensive Care, HIV/TB Services, Maternal Health, Chronic Disease Management","diabetes, hypertension, asthma, arthritis, tb, hiv",No,Yes,Yes
132,KwaZulu-Natal,Vryheid,Paulpietersburg,Paulpietersburg Mobile Clinic,Mobile Clinic,-27.767329,30.873017,011 603 3160,"Mon-Fri 08:00-16:00, Sat-Sun Closed","Primary Care, HIV/TB Testing, Immunizations, Health Education","flu, cold, fever, malaria, tb, hiv",No,Yes,Yes
133,KwaZulu-Natal,Vryheid,Paulpietersburg,Paulpietersburg Community Health Centre,Community Health Centre,-27.708962,30.895751,010 710 6327,"Mon-Fri 07:00-17:00, Sat 08:00-13:00","General Consultation, HIV/TB Testing, Immunizations, Maternal Health, Child Health","flu, cold, fever, headache, diarrhea, malaria, tb, hiv",No,Yes,Yes
134,Gauteng,Johannesburg,Johannesburg,Johannesburg Primary Care Clinic,Primary Care Clinic,-26.353145,27.871476,012 837 1974,24 Hours Emergency Services,"General Consultation, Immunizations, Health Screening, Family Planning","flu, cold, fever, headache, diarrhea, allergy, asthma",Yes,Yes,Yes
135,Gauteng,Johannesburg,Johannesburg,Johannesburg Primary Care Clinic,Primary Care Clinic,-26.360915,27.674104,010 653 7104,"Mon-Fri 07:00-18:00, Sat 08:00-14:00","General Consultation, Immunizations, Health Screening, Family Planning","flu, cold, fever, headache, diarrhea, allergy, asthma",No,Yes,Yes
136,Gauteng,Johannesburg,Johannesburg,Johannesburg Medical Centre,Mobile Clinic,-25.877005,28.027946,012 818 2809,"Mon-Fri 07:00-17:00, Sat 08:00-13:00","Primary Care, HIV/TB Testing, Immunizations, Health Education","flu, cold, fever, malaria, tb, hiv",No,Limited,Yes
137,Gauteng,Johannesburg,Johannesburg,Johannesburg Medical Centre,Community Health Centre,-26.006106,27.736346,011 846 1937,"Mon-Fri 08:00-16:00, Sat-Sun Closed","General Consultation, HIV/TB Testing, Immunizations, Maternal Health, Child Health","flu, cold, fever, headache, diarrhea, malaria, tb, hiv",No,Yes,Yes
138,Gauteng,Pretoria,Pretoria,Pretoria Community Health Centre,Community Health Centre,-26.381416,28.380384,012 684 4310,"Mon-Fri 08:00-16:00, Sat-Sun Closed","General Consultation, HIV/TB Testing, Immunizations, Maternal Health, Child Health","flu, cold, fever, headache, diarrhea, malaria, tb, hiv",No,Yes,No
139,Gauteng,Pretoria,Pretoria,Pretoria Medical Centre,District Hospital,-26.467211,28.424353,011 664 2919,24 Hours Emergency Services,"Emergency Care, General Surgery, Maternity, Pediatrics, Specialist Referral","malaria, typhoid, tb, hiv, pneumonia, stroke, diabetes, hypertension",Yes,Yes,Yes
140,Gauteng,Soweto,Soweto,Soweto Health Centre,Health Centre,-25.788481,28.29042,010 267 6675,"Mon-Fri 07:00-18:00, Sat 08:00-14:00","Comprehensive Care, HIV/TB Services, Maternal Health, Chronic Disease Management","diabetes, hypertension, asthma, arthritis, tb, hiv",No,Yes,Yes
141,Gauteng,Soweto,Soweto,Soweto Medical Centre,Mobile Clinic,-25.611365,28.3009,010 121 5244,"Mon-Fri 07:00-18:00, Sat 08:00-14:00","Primary Care, HIV/TB Testing, Immunizations, Health Education","flu, cold, fever, malaria, tb, hiv",No,Yes,Yes
142,Gauteng,Soweto,Soweto,Soweto Primary Care Clinic,Primary Care Clinic,-25.857229,28.445195,011 982 4566,"Mon-Fri 08:00-16:00, Sat-Sun Closed","General Consultation, Immunizations, Health Screening, Family Planning","flu, cold, fever, headache, diarrhea, allergy, asthma",No,Yes,Yes
143,Gauteng,Tembisa,Tembisa,Tembisa Health Centre,Health Centre,-26.048653,28.05471,010 954 7529,"Mon-Fri 07:00-17:00, Sat 08:00-13:00","Comprehensive Care, HIV/TB Services, Maternal Health, Chronic Disease Management","diabetes, hypertension, asthma, arthritis, tb, hiv",No,Yes,No
144,Gauteng,Tembisa,Tembisa,Tembisa Mobile Clinic,Mobile Clinic,-26.229837,28.304236,010 372 5910,"Mon-Fri 07:00-17:00, Sat 08:00-13:00","Primary Care, HIV/TB Testing, Immunizations, Health Education","flu, cold, fever, malaria, tb, hiv",No,Yes,Yes
145,Gauteng,Tembisa,Tembisa,Tembisa District Hospital,District Hospital,-25.655602,27.575397,012 818 6776,24 Hours Emergency Services,"Emergency Care, General Surgery, Maternity, Pediatrics, Specialist Referral","malaria, typhoid, tb, hiv, pneumonia, stroke, diabetes, hypertension",Yes,Yes,Yes
146,Gauteng,Vereeniging,Vereeniging,Vereeniging Medical Centre,Community Health Centre,-26.436322,28.482623,010 583 2783,"Mon-Fri 07:00-17:00, Sat 08:00-13:00","General Consultation, HIV/TB Testing, Immunizations, Maternal Health, Child Health","flu, cold, fever, headache, diarrhea, malaria, tb, hiv",No,Yes,No
147,Gauteng,Vereeniging,Vereeniging,Vereeniging Medical Centre,Primary Care Clinic,-26.236927,28.366123,010 596 3030,"Mon-Fri 08:00-16:00, Sat-Sun Closed","General Consultation, Immunizations, Health Screening, Family Planning","flu, cold, fever, headache, diarrhea, allergy, asthma",No,Limited,No
148,Gauteng,Boksburg,Boksburg,Boksburg Community Health Centre,Community Health Centre,-26.08628,28.390871,011 137 2330,"Mon-Fri 08:00-16:00, Sat-Sun Closed","General Consultation, HIV/TB Testing, Immunizations, Maternal Health, Child Health","flu, cold, fever, headache, diarrhea, malaria, tb, hiv",No,Limited,Yes
149,Gauteng,Boksburg,Boksburg,Boksburg Medical Centre,Community Health Centre,-25.836657,27.632394,012 509 6406,24 Hours Emergency Services,"General Consultation, HIV/TB Testing, Immunizations, Maternal Health, Child Health","flu, cold, fever, headache, diarrhea, malaria, tb, hiv",Yes,Limited,No
150,Gauteng,Boksburg,Boksburg,Boksburg Medical Centre,Community Health Centre,-26.222677,27.884511,012 606 4050,"Mon-Fri 08:00-16:00, Sat-Sun Closed","General Consultation, HIV/TB Testing, Immunizations, Maternal Health, Child Health","flu, cold, fever, headache, diarrhea, malaria, tb, hiv",No,Yes,Yes
151,Gauteng,Boksburg,Boksburg,Boksburg Medical Centre,Mobile Clinic,-26.20758,27.797556,012 200 6596,24 Hours Emergency Services,"Primary Care, HIV/TB Testing, Immunizations, Health Education","flu, cold, fever, malaria, tb, hiv",Yes,Yes,No
152,Gauteng,Germiston,Germiston,Germiston Medical Centre,Mobile Clinic,-26.014974,27.577041,012 250 9670,"Mon-Fri 07:00-18:00, Sat 08:00-14:00","Primary Care, HIV/TB Testing, Immunizations, Health Education","flu, cold, fever, malaria, tb, hiv",No,Yes,Yes
153,Gauteng,Germiston,Germiston,Germiston Medical Centre,Primary Care Clinic,-26.347932,27.725202,011 613 4826,"Mon-Fri 08:00-16:00, Sat-Sun Closed","General Consultation, Immunizations, Health Screening, Family Planning","flu, cold, fever, headache, diarrhea, allergy, asthma",No,Yes,Yes
154,Gauteng,Germiston,Germiston,Germiston Medical Centre,Community Health Centre,-26.422229,28.156445,011 247 8695,"Mon-Fri 07:00-18:00, Sat 08:00-14:00","General Consultation, HIV/TB Testing, Immunizations, Maternal Health, Child Health","flu, cold, fever, headache, diarrhea, malaria, tb, hiv",No,Yes,Yes
155,Gauteng,Germiston,Germiston,Germiston Medical Centre,Community Health Centre,-25.824764,28.277721,011 324 8162,"Mon-Fri 07:00-17:00, Sat 08:00-13:00","General Consultation, HIV/TB Testing, Immunizations, Maternal Health, Child Health","flu, cold, fever, headache, diarrhea, malaria, tb, hiv",No,Yes,Yes
156,Western Cape,Cape Town,Cape Town,Cape Town Mobile Clinic,Mobile Clinic,-34.251059,18.97353,012 576 2977,"Mon-Fri 08:00-16:00, Sat-Sun Closed","Primary Care, HIV/TB Testing, Immunizations, Health Education","flu, cold, fever, malaria, tb, hiv",No,Limited,Yes
157,Western Cape,Cape Town,Cape Town,Cape Town Medical Centre,Community Health Centre,-33.676497,18.658611,011 646 1771,"Mon-Fri 07:00-17:00, Sat 08:00-13:00","General Consultation, HIV/TB Testing, Immunizations, Maternal Health, Child Health","flu, cold, fever, headache, diarrhea, malaria, tb, hiv",No,Limited,No
158,Western Cape,Cape Town,Cape Town,Cape Town District Hospital,District Hospital,-33.983179,18.722324,011 499 7720,"Mon-Fri 07:00-17:00, Sat 08:00-13:00","Emergency Care, General Surgery, Maternity, Pediatrics, Specialist Referral","malaria, typhoid, tb, hiv, pneumonia, stroke, diabetes, hypertension",Yes,Yes,Yes
159,Western Cape,Mitchells Plain,Mitchells Plain,Mitchells Plain Medical Centre,Primary Care Clinic,-33.713827,18.954133,010 980 8169,24 Hours Emergency Services,"General Consultation, Immunizations, Health Screening, Family Planning","flu, cold, fever, headache, diarrhea, allergy, asthma",Yes,Yes,Yes
160,Western Cape,Mitchells Plain,Mitchells Plain,Mitchells Plain Mobile Clinic,Mobile Clinic,-34.211882,18.916396,012 855 3094,"Mon-Fri 08:00-16:00, Sat-Sun Closed","Primary Care, HIV/TB Testing, Immunizations, Health Education","flu, cold, fever, malaria, tb, hiv",No,Limited,Yes
161,Western Cape,Mitchells Plain,Mitchells Plain,Mitchells Plain Medical Centre,Community Health Centre,-34.499079,18.304572,011 313 9468,"Mon-Fri 07:00-17:00, Sat 08:00-13:00","General Consultation, HIV/TB Testing, Immunizations, Maternal Health, Child Health","flu, cold, fever, headache, diarrhea, malaria, tb, hiv",No,Yes,Yes
162,Western Cape,Khayelitsha,Khayelitsha,Khayelitsha Medical Centre,Health Centre,-34.427256,18.705192,012 157 7054,"Mon-Fri 07:00-17:00, Sat 08:00-13:00","Comprehensive Care, HIV/TB Services, Maternal Health, Chronic Disease Management","diabetes, hypertension, asthma, arthritis, tb, hiv",No,Yes,Yes
163,Western Cape,Khayelitsha,Khayelitsha,Khayelitsha Health Centre,Health Centre,-34.084197,18.825801,012 628 8368,"Mon-Fri 07:00-17:00, Sat 08:00-13:00","Comprehensive Care, HIV/TB Services, Maternal Health, Chronic Disease Management","diabetes, hypertension, asthma, arthritis, tb, hiv",No,Yes,Yes
164,Western Cape,Bellville,Bellville,Bellville Mobile Clinic,Mobile Clinic,-33.647087,18.252058,011 307 1716,"Mon-Fri 07:00-17:00, Sat 08:00-13:00","Primary Care, HIV/TB Testing, Immunizations, Health Education","flu, cold, fever, malaria, tb, hiv",No,Yes,No
165,Western Cape,Bellville,Bellville,Bellville Community Health Centre,Community Health Centre,-33.755504,18.016681,010 946 3894,"Mon-Fri 07:00-17:00, Sat 08:00-13:00","General Consultation, HIV/TB Testing, Immunizations, Maternal Health, Child Health","flu, cold, fever, headache, diarrhea, malaria, tb, hiv",No,Yes,Yes
166,Western Cape,Bellville,Bellville,Bellville Mobile Clinic,Mobile Clinic,-33.829097,18.048608,011 351 3409,"Mon-Fri 07:00-17:00, Sat 08:00-13:00","Primary Care, HIV/TB Testing, Immunizations, Health Education","flu, cold, fever, malaria, tb, hiv",No,Yes,Yes
167,Western Cape,Bellville,Bellville,Bellville Medical Centre,Mobile Clinic,-33.529855,18.5546,012 928 4071,"Mon-Fri 07:00-18:00, Sat 08:00-14:00","Primary Care, HIV/TB Testing, Immunizations, Health Education","flu, cold, fever, malaria, tb, hiv",No,Yes,Yes
168,Western Cape,Paarl,Paarl,Paarl Medical Centre,Health Centre,-34.196574,18.924802,012 805 7225,"Mon-Fri 08:00-16:00, Sat-Sun Closed","Comprehensive Care, HIV/TB Services, Maternal Health, Chronic Disease Management","diabetes, hypertension, asthma, arthritis, tb, hiv",No,Yes,Yes
169,Western Cape,Paarl,Paarl,Paarl Health Centre,Health Centre,-34.499098,18.774149,010 260 1224,"Mon-Fri 07:00-18:00, Sat 08:00-14:00","Comprehensive Care, HIV/TB Services, Maternal Health, Chronic Disease Management","diabetes, hypertension, asthma, arthritis, tb, hiv",No,Yes,Yes
170,Western Cape,Paarl,Paarl,Paarl Mobile Clinic,Mobile Clinic,-33.883689,18.554434,011 983 8956,"Mon-Fri 08:00-16:00, Sat-Sun Closed","Primary Care, HIV/TB Testing, Immunizations, Health Education","flu, cold, fever, malaria, tb, hiv",No,Yes,Yes
171,Western Cape,Paarl,Paarl,Paarl Medical Centre,District Hospital,-33.695307,18.376834,012 231 1830,"Mon-Fri 08:00-16:00, Sat-Sun Closed","Emergency Care, General Surgery, Maternity, Pediatrics, Specialist Referral","malaria, typhoid, tb, hiv, pneumonia, stroke, diabetes, hypertension",Yes,Limited,Yes
172,Western Cape,Stellenbosch,Stellenbosch,Stellenbosch Medical Centre,Community Health Centre,-33.74799,18.717954,011 188 5083,24 Hours Emergency Services,"General Consultation, HIV/TB Testing, Immunizations, Maternal Health, Child Health","flu, cold, fever, headache, diarrhea, malaria, tb, hiv",Yes,Limited,No
173,Western Cape,Stellenbosch,Stellenbosch,Stellenbosch Primary Care Clinic,Primary Care Clinic,-34.180375,18.884204,011 748 7021,"Mon-Fri 07:00-17:00, Sat 08:00-13:00","General Consultation, Immunizations, Health Screening, Family Planning","flu, cold, fever, headache, diarrhea, allergy, asthma",No,Yes,Yes
174,Western Cape,Stellenbosch,Stellenbosch,Stellenbosch Medical Centre,District Hospital,-33.837684,18.12113,012 514 3702,"Mon-Fri 07:00-18:00, Sat 08:00-14:00","Emergency Care, General Surgery, Maternity, Pediatrics, Specialist Referral","malaria, typhoid, tb, hiv, pneumonia, stroke, diabetes, hypertension",Yes,Yes,No
175,Western Cape,Stellenbosch,Stellenbosch,Stellenbosch District Hospital,District Hospital,-34.302056,18.608089,010 676 3216,"Mon-Fri 07:00-18:00, Sat 08:00-14:00","Emergency Care, General Surgery, Maternity, Pediatrics, Specialist Referral","malaria, typhoid, tb, hiv, pneumonia, stroke, diabetes, hypertension",Yes,Yes,No
176,Western Cape,George,George,George Mobile Clinic,Mobile Clinic,-34.179886,18.785292,010 635 4216,"Mon-Fri 07:00-17:00, Sat 08:00-13:00","Primary Care, HIV/TB Testing, Immunizations, Health Education","flu, cold, fever, malaria, tb, hiv",No,Yes,Yes
177,Western Cape,George,George,George Health Centre,Health Centre,-33.637233,18.47499,010 810 9818,"Mon-Fri 08:00-16:00, Sat-Sun Closed","Comprehensive Care, HIV/TB Services, Maternal Health, Chronic Disease Management","diabetes, hypertension, asthma, arthritis, tb, hiv",No,Yes,Yes
178,Western Cape,George,George,George Medical Centre,Health Centre,-34.133962,18.968239,012 746 6110,"Mon-Fri 07:00-17:00, Sat 08:00-13:00","Comprehensive Care, HIV/TB Services, Maternal Health, Chronic Disease Management","diabetes, hypertension, asthma, arthritis, tb, hiv",No,Yes,No
179,Eastern Cape,Port Elizabeth,Port Elizabeth,Port Elizabeth Community Health Centre,Community Health Centre,-33.4677,26.773117,011 481 5158,"Mon-Fri 07:00-18:00, Sat 08:00-14:00","General Consultation, HIV/TB Testing, Immunizations, Maternal Health, Child Health","flu, cold, fever, headache, diarrhea, malaria, tb, hiv",No,Yes,No
180,Eastern Cape,Port Elizabeth,Port Elizabeth,Port Elizabeth Medical Centre,Health Centre,-33.331246,26.747313,011 554 6189,"Mon-Fri 07:00-17:00, Sat 08:00-13:00","Comprehensive Care, HIV/TB Services, Maternal Health, Chronic Disease Management","diabetes, hypertension, asthma, arthritis, tb, hiv",No,Yes,Yes
181,Eastern Cape,Port Elizabeth,Port Elizabeth,Port Elizabeth Primary Care Clinic,Primary Care Clinic,-32.251754,26.1266,011 902 5440,24 Hours Emergency Services,"General Consultation, Immunizations, Health Screening, Family Planning","flu, cold, fever, headache, diarrhea, allergy, asthma",Yes,Yes,No
182,Eastern Cape,Port Elizabeth,Port Elizabeth,Port Elizabeth Mobile Clinic,Mobile Clinic,-33.748962,27.95528,011 583 3018,24 Hours Emergency Services,"Primary Care, HIV/TB Testing, Immunizations, Health Education","flu, cold, fever, malaria, tb, hiv",Yes,Yes,Yes
183,Eastern Cape,East London,East London,East London Community Health Centre,Community Health Centre,-32.225439,26.344742,011 707 7807,"Mon-Fri 07:00-17:00, Sat 08:00-13:00","General Consultation, HIV/TB Testing, Immunizations, Maternal Health, Child Health","flu, cold, fever, headache, diarrhea, malaria, tb, hiv",No,Limited,Yes
184,Eastern Cape,East London,East London,East London Medical Centre,Health Centre,-32.072586,27.422165,012 956 4298,"Mon-Fri 08:00-16:00, Sat-Sun Closed","Comprehensive Care, HIV/TB Services, Maternal Health, Chronic Disease Management","diabetes, hypertension, asthma, arthritis, tb, hiv",No,Limited,No
185,Eastern Cape,Mthatha,Mthatha,Mthatha Medical Centre,Primary Care Clinic,-33.048783,26.662088,012 546 5449,"Mon-Fri 07:00-18:00, Sat 08:00-14:00","General Consultation, Immunizations, Health Screening, Family Planning","flu, cold, fever, headache, diarrhea, allergy, asthma",No,Yes,No
186,Eastern Cape,Mthatha,Mthatha,Mthatha Medical Centre,Primary Care Clinic,-33.380223,25.597138,012 198 8458,"Mon-Fri 08:00-16:00, Sat-Sun Closed","General Consultation, Immunizations, Health Screening, Family Planning","flu, cold, fever, headache, diarrhea, allergy, asthma",No,Yes,Yes
187,Eastern Cape,Mthatha,Mthatha,Mthatha Medical Centre,District Hospital,-32.792606,25.119857,010 356 7286,"Mon-Fri 08:00-16:00, Sat-Sun Closed","Emergency Care, General Surgery, Maternity, Pediatrics, Specialist Referral","malaria, typhoid, tb, hiv, pneumonia, stroke, diabetes, hypertension",Yes,Yes,Yes
188,Eastern Cape,Queenstown,Queenstown,Queenstown Medical Centre,Community Health Centre,-33.782105,26.105244,011 816 2322,"Mon-Fri 07:00-17:00, Sat 08:00-13:00","General Consultation, HIV/TB Testing, Immunizations, Maternal Health, Child Health","flu, cold, fever, headache, diarrhea, malaria, tb, hiv",No,Limited,No
189,Eastern Cape,Queenstown,Queenstown,Queenstown Medical Centre,Health Centre,-33.561071,26.549592,012 148 3230,"Mon-Fri 08:00-16:00, Sat-Sun Closed","Comprehensive Care, HIV/TB Services, Maternal Health, Chronic Disease Management","diabetes, hypertension, asthma, arthritis, tb, hiv",No,Limited,Yes
190,Eastern Cape,Grahamstown,Grahamstown,Grahamstown Medical Centre,Community Health Centre,-32.240008,26.521882,012 750 5333,"Mon-Fri 07:00-18:00, Sat 08:00-14:00","General Consultation, HIV/TB Testing, Immunizations, Maternal Health, Child Health","flu, cold, fever, headache, diarrhea, malaria, tb, hiv",No,Yes,Yes
191,Eastern Cape,Grahamstown,Grahamstown,Grahamstown Medical Centre,Primary Care Clinic,-32.210738,27.393911,011 251 5615,"Mon-Fri 08:00-16:00, Sat-Sun Closed","General Consultation, Immunizations, Health Screening, Family Planning","flu, cold, fever, headache, diarrhea, allergy, asthma",No,Yes,Yes
192,Eastern Cape,Uitenhage,Uitenhage,Uitenhage Medical Centre,Community Health Centre,-31.620503,26.998686,012 754 4436,"Mon-Fri 07:00-18:00, Sat 08:00-14:00","General Consultation, HIV/TB Testing, Immunizations, Maternal Health, Child Health","flu, cold, fever, headache, diarrhea, malaria, tb, hiv",No,Yes,No
193,Eastern Cape,Uitenhage,Uitenhage,Uitenhage Primary Care Clinic,Primary Care Clinic,-33.053481,25.715581,012 971 5155,"Mon-Fri 07:00-17:00, Sat 08:00-13:00","General Consultation, Immunizations, Health Screening, Family Planning","flu, cold, fever, headache, diarrhea, allergy, asthma",No,Limited,Yes
194,Eastern Cape,Uitenhage,Uitenhage,Uitenhage Medical Centre,Community Health Centre,-31.622053,26.788873,010 478 8037,24 Hours Emergency Services,"General Consultation, HIV/TB Testing, Immunizations, Maternal Health, Child Health","flu, cold, fever, headache, diarrhea, malaria, tb, hiv",Yes,Yes,Yes
195,Eastern Cape,Uitenhage,Uitenhage,Uitenhage District Hospital,District Hospital,-32.945686,27.086867,012 210 8170,"Mon-Fri 07:00-17:00, Sat 08:00-13:00","Emergency Care, General Surgery, Maternity, Pediatrics, Specialist Referral","malaria, typhoid, tb, hiv, pneumonia, stroke, diabetes, hypertension",Yes,Yes,No
196,Limpopo,Polokwane,Polokwane,Polokwane Medical Centre,Community Health Centre,-22.218206,30.817348,011 506 3774,"Mon-Fri 07:00-17:00, Sat 08:00-13:00","General Consultation, HIV/TB Testing, Immunizations, Maternal Health, Child Health","flu, cold, fever, headache, diarrhea, malaria, tb, hiv",No,Yes,Yes
197,Limpopo,Polokwane,Polokwane,Polokwane Health Centre,Health Centre,-24.477922,28.812183,010 359 6153,"Mon-Fri 07:00-17:00, Sat 08:00-13:00","Comprehensive Care, HIV/TB Services, Maternal Health, Chronic Disease Management","diabetes, hypertension, asthma, arthritis, tb, hiv",No,Limited,Yes
198,Limpopo,Polokwane,Polokwane,Polokwane Mobile Clinic,Mobile Clinic,-24.470659,29.394321,010 599 2207,24 Hours Emergency Services,"Primary Care, HIV/TB Testing, Immunizations, Health Education","flu, cold, fever, malaria, tb, hiv",Yes,Yes,No
199,Limpopo,Polokwane,Polokwane,Polokwane Primary Care Clinic,Primary Care Clinic,-24.70908,29.106489,012 527 8686,"Mon-Fri 08:00-16:00, Sat-Sun Closed","General Consultation, Immunizations, Health Screening, Family Planning","flu, cold, fever, headache, diarrhea, allergy, asthma",No,Yes,Yes
200,Limpopo,Thohoyandou,Thohoyandou,Thohoyandou Medical Centre,Mobile Clinic,-22.550897,29.298559,010 779 4405,24 Hours Emergency Services,"Primary Care, HIV/TB Testing, Immunizations, Health Education","flu, cold, fever, malaria, tb, hiv",Yes,Yes,No
201,Limpopo,Thohoyandou,Thohoyandou,Thohoyandou Primary Care Clinic,Primary Care Clinic,-22.339159,29.65762,012 757 8657,"Mon-Fri 08:00-16:00, Sat-Sun Closed","General Consultation, Immunizations, Health Screening, Family Planning","flu, cold, fever, headache, diarrhea, allergy, asthma",No,Yes,No
202,Limpopo,Giyani,Giyani,Giyani Medical Centre,District Hospital,-24.110204,29.476912,010 588 5440,24 Hours Emergency Services,"Emergency Care, General Surgery, Maternity, Pediatrics, Specialist Referral","malaria, typhoid, tb, hiv, pneumonia, stroke, diabetes, hypertension",Yes,Yes,Yes
203,Limpopo,Giyani,Giyani,Giyani Health Centre,Health Centre,-24.457098,30.263764,012 297 5031,"Mon-Fri 07:00-17:00, Sat 08:00-13:00","Comprehensive Care, HIV/TB Services, Maternal Health, Chronic Disease Management","diabetes, hypertension, asthma, arthritis, tb, hiv",No,Yes,No
204,Limpopo,Lebowakgomo,Lebowakgomo,Lebowakgomo Medical Centre,Mobile Clinic,-24.338959,29.493573,010 193 2612,24 Hours Emergency Services,"Primary Care, HIV/TB Testing, Immunizations, Health Education","flu, cold, fever, malaria, tb, hiv",Yes,Limited,No
205,Limpopo,Lebowakgomo,Lebowakgomo,Lebowakgomo Primary Care Clinic,Primary Care Clinic,-23.565513,30.307661,010 124 8602,"Mon-Fri 07:00-18:00, Sat 08:00-14:00","General Consultation, Immunizations, Health Screening, Family Planning","flu, cold, fever, headache, diarrhea, allergy, asthma",No,Yes,No
206,Limpopo,Lebowakgomo,Lebowakgomo,Lebowakgomo Medical Centre,District Hospital,-24.184417,28.199072,011 100 4089,"Mon-Fri 07:00-18:00, Sat 08:00-14:00","Emergency Care, General Surgery, Maternity, Pediatrics, Specialist Referral","malaria, typhoid, tb, hiv, pneumonia, stroke, diabetes, hypertension",Yes,Limited,Yes
207,Limpopo,Lebowakgomo,Lebowakgomo,Lebowakgomo Mobile Clinic,Mobile Clinic,-24.312725,28.70819,010 493 9176,"Mon-Fri 07:00-18:00, Sat 08:00-14:00","Primary Care, HIV/TB Testing, Immunizations, Health Education","flu, cold, fever, malaria, tb, hiv",No,Yes,Yes
208,Limpopo,Mokopane,Mokopane,Mokopane District Hospital,District Hospital,-23.380765,30.861218,010 116 3295,24 Hours Emergency Services,"Emergency Care, General Surgery, Maternity, Pediatrics, Specialist Referral","malaria, typhoid, tb, hiv, pneumonia, stroke, diabetes, hypertension",Yes,Yes,Yes
209,Limpopo,Mokopane,Mokopane,Mokopane Primary Care Clinic,Primary Care Clinic,-23.653639,29.416374,012 763 8385,24 Hours Emergency Services,"General Consultation, Immunizations, Health Screening, Family Planning","flu, cold, fever, headache, diarrhea, allergy, asthma",Yes,Yes,No
210,Limpopo,Mokopane,Mokopane,Mokopane Health Centre,Health Centre,-24.550462,30.687238,010 692 1474,"Mon-Fri 07:00-17:00, Sat 08:00-13:00","Comprehensive Care, HIV/TB Services, Maternal Health, Chronic Disease Management","diabetes, hypertension, asthma, arthritis, tb, hiv",No,Yes,Yes
211,Limpopo,Louis Trichardt,Louis Trichardt,Louis Trichardt Community Health Centre,Community Health Centre,-22.130826,28.084792,011 305 5318,"Mon-Fri 08:00-16:00, Sat-Sun Closed","General Consultation, HIV/TB Testing, Immunizations, Maternal Health, Child Health","flu, cold, fever, headache, diarrhea, malaria, tb, hiv",No,Limited,Yes
212,Limpopo,Louis Trichardt,Louis Trichardt,Louis Trichardt Medical Centre,Community Health Centre,-23.306534,28.323751,011 658 4336,"Mon-Fri 07:00-17:00, Sat 08:00-13:00","General Consultation, HIV/TB Testing, Immunizations, Maternal Health, Child Health","flu, cold, fever, headache, diarrhea, malaria, tb, hiv",No,Yes,Yes
213,Limpopo,Louis Trichardt,Louis Trichardt,Louis Trichardt Medical Centre,Health Centre,-24.33791,30.016189,011 185 4555,"Mon-Fri 07:00-18:00, Sat 08:00-14:00","Comprehensive Care, HIV/TB Services, Maternal Health, Chronic Disease Management","diabetes, hypertension, asthma, arthritis, tb, hiv",No,Limited,No
214,Limpopo,Louis Trichardt,Louis Trichardt,Louis Trichardt Medical Centre,Community Health Centre,-24.344446,30.577498,010 470 7885,"Mon-Fri 08:00-16:00, Sat-Sun Closed","General Consultation, HIV/TB Testing, Immunizations, Maternal Health, Child Health","flu, cold, fever, headache, diarrhea, malaria, tb, hiv",No,Yes,Yes
215,Mpumalanga,Nelspruit,Nelspruit,Nelspruit Medical Centre,District Hospital,-25.911339,28.829539,011 305 3593,"Mon-Fri 07:00-17:00, Sat 08:00-13:00","Emergency Care, General Surgery, Maternity, Pediatrics, Specialist Referral","malaria, typhoid, tb, hiv, pneumonia, stroke, diabetes, hypertension",Yes,Yes,Yes
216,Mpumalanga,Nelspruit,Nelspruit,Nelspruit Medical Centre,Health Centre,-26.792398,29.92151,012 116 2592,"Mon-Fri 08:00-16:00, Sat-Sun Closed","Comprehensive Care, HIV/TB Services, Maternal Health, Chronic Disease Management","diabetes, hypertension, asthma, arthritis, tb, hiv",No,Limited,No
217,Mpumalanga,Witbank,Witbank,Witbank Community Health Centre,Community Health Centre,-25.629155,29.387963,012 498 7251,24 Hours Emergency Services,"General Consultation, HIV/TB Testing, Immunizations, Maternal Health, Child Health","flu, cold, fever, headache, diarrhea, malaria, tb, hiv",Yes,Yes,Yes
218,Mpumalanga,Witbank,Witbank,Witbank Primary Care Clinic,Primary Care Clinic,-26.888671,30.693208,010 442 6689,"Mon-Fri 08:00-16:00, Sat-Sun Closed","General Consultation, Immunizations, Health Screening, Family Planning","flu, cold, fever, headache, diarrhea, allergy, asthma",No,Yes,Yes
219,Mpumalanga,Standerton,Standerton,Standerton District Hospital,District Hospital,-24.191637,29.917916,011 248 4560,"Mon-Fri 08:00-16:00, Sat-Sun Closed","Emergency Care, General Surgery, Maternity, Pediatrics, Specialist Referral","malaria, typhoid, tb, hiv, pneumonia, stroke, diabetes, hypertension",Yes,Yes,No
220,Mpumalanga,Standerton,Standerton,Standerton Health Centre,Health Centre,-26.346216,29.055275,012 951 6830,"Mon-Fri 07:00-17:00, Sat 08:00-13:00","Comprehensive Care, HIV/TB Services, Maternal Health, Chronic Disease Management","diabetes, hypertension, asthma, arthritis, tb, hiv",No,Yes,Yes
221,Mpumalanga,Secunda,Secunda,Secunda Medical Centre,Health Centre,-24.514252,29.93929,012 307 7621,24 Hours Emergency Services,"Comprehensive Care, HIV/TB Services, Maternal Health, Chronic Disease Management","diabetes, hypertension, asthma, arthritis, tb, hiv",Yes,Yes,Yes
222,Mpumalanga,Secunda,Secunda,Secunda Medical Centre,Primary Care Clinic,-25.408753,29.698805,010 649 2987,24 Hours Emergency Services,"General Consultation, Immunizations, Health Screening, Family Planning","flu, cold, fever, headache, diarrhea, allergy, asthma",Yes,Yes,Yes
223,Mpumalanga,Secunda,Secunda,Secunda Health Centre,Health Centre,-24.118191,28.460361,012 297 8631,24 Hours Emergency Services,"Comprehensive Care, HIV/TB Services, Maternal Health, Chronic Disease Management","diabetes, hypertension, asthma, arthritis, tb, hiv",Yes,Yes,No
224,Mpumalanga,Secunda,Secunda,Secunda Medical Centre,District Hospital,-25.448026,30.416036,012 510 1327,"Mon-Fri 07:00-17:00, Sat 08:00-13:00","Emergency Care, General Surgery, Maternity, Pediatrics, Specialist Referral","malaria, typhoid, tb, hiv, pneumonia, stroke, diabetes, hypertension",Yes,Yes,No
225,Mpumalanga,Malelane,Malelane,Malelane Primary Care Clinic,Primary Care Clinic,-26.761792,29.801905,012 942 4553,"Mon-Fri 08:00-16:00, Sat-Sun Closed","General Consultation, Immunizations, Health Screening, Family Planning","flu, cold, fever, headache, diarrhea, allergy, asthma",No,Yes,Yes
226,Mpumalanga,Malelane,Malelane,Malelane Medical Centre,District Hospital,-24.378238,29.526804,011 518 7334,"Mon-Fri 07:00-17:00, Sat 08:00-13:00","Emergency Care, General Surgery, Maternity, Pediatrics, Specialist Referral","malaria, typhoid, tb, hiv, pneumonia, stroke, diabetes, hypertension",Yes,Yes,No
227,Mpumalanga,Malelane,Malelane,Malelane Primary Care Clinic,Primary Care Clinic,-25.489876,30.180679,010 312 5741,"Mon-Fri 07:00-18:00, Sat 08:00-14:00","General Consultation, Immunizations, Health Screening, Family Planning","flu, cold, fever, headache, diarrhea, allergy, asthma",No,Yes,Yes
228,Mpumalanga,Malelane,Malelane,Malelane Mobile Clinic,Mobile Clinic,-24.28134,30.321419,012 773 9414,"Mon-Fri 07:00-17:00, Sat 08:00-13:00","Primary Care, HIV/TB Testing, Immunizations, Health Education","flu, cold, fever, malaria, tb, hiv",No,Limited,No
229,Mpumalanga,Barberton,Barberton,Barberton Medical Centre,Community Health Centre,-26.749701,30.336592,011 652 9365,"Mon-Fri 07:00-18:00, Sat 08:00-14:00","General Consultation, HIV/TB Testing, Immunizations, Maternal Health, Child Health","flu, cold, fever, headache, diarrhea, malaria, tb, hiv",No,Yes,Yes
230,Mpumalanga,Barberton,Barberton,Barberton District Hospital,District Hospital,-26.580309,29.842547,011 984 4752,"Mon-Fri 08:00-16:00, Sat-Sun Closed","Emergency Care, General Surgery, Maternity, Pediatrics, Specialist Referral","malaria, typhoid, tb, hiv, pneumonia, stroke, diabetes, hypertension",Yes,Yes,No
231,Mpumalanga,Nkomazi,Driekoppies,Driekoppies Health Clinic,,,,013 800 5545,,"General consultation, HIV Testing, Pregnancy.",,,,
