Clinic_ID,Clinic_Name,Province,City,Clinic_Type,Latitude,Longitude,Phone,Operating_Hours,Services,Treatable_Conditions,Has_Pharmacy,Wheelchair_Access,Emergency_Services
1,Johannesburg Health Facility,Gauteng,Johannesburg,Community Health Centre,-25.574307,27.71186,010 745 7626,"Mon-Fri 07:00-18:00, Sat 08:00-14:00","General Consultation, HIV/TB Testing, Immunizations, Maternal Health, Child Health","flu, cold, fever, headache, diarrhea, malaria, tuberculosis, hiv",No,Yes,No
2,Johannesburg Medical Centre,Gauteng,Johannesburg,Primary Care Clinic,-25.707843,27.531797,011 180 1250,24 Hours Emergency Services Available,"General Consultation, Immunizations, Health Screening, Family Planning","flu, cold, fever, headache, diarrhea, allergy, asthma, hypertension",Yes,Limited,Yes
3,Johannesburg Medical Centre,Gauteng,Johannesburg,Primary Care Clinic,-26.146892,28.000057,010 710 6240,"Mon-Fri 07:00-18:00, Sat 08:00-14:00","General Consultation, Immunizations, Health Screening, Family Planning","flu, cold, fever, headache, diarrhea, allergy, asthma, hypertension",Yes,Yes,No
4,Pretoria Regional Clinic,Gauteng,Pretoria,Community Health Centre,-26.3069,28.091423,011 224 7766,24 Hours Emergency Services Available,"General Consultation, HIV/TB Testing, Immunizations, Maternal Health, Child Health","flu, cold, fever, headache, diarrhea, malaria, tuberculosis, hiv",Yes,Yes,Yes
5,Pretoria Regional Clinic,Gauteng,Pretoria,District Hospital,-25.763756,28.164469,011 374 3097,"Mon-Fri 07:00-18:00, Sat 08:00-14:00","Emergency Care, General Surgery, Maternity, Pediatrics, Specialist Referral","malaria, typhoid, tuberculosis, hiv, pneumonia, stroke, heart disease, diabetes",Yes,Yes,Yes
6,Pretoria Health Facility,Gauteng,Pretoria,Specialist Clinic,-25.60128,28.108638,010 855 7228,24 Hours Emergency Services Available,"Specialist Consultation, Dental, Eye Care, Mental Health","migraine, vertigo, stroke, skin conditions, allergy",Yes,Limited,Yes
7,Pretoria Regional Clinic,Gauteng,Pretoria,Health Centre,-26.448493,27.605568,010 898 1450,"Mon-Fri 07:00-17:00, Sat 08:00-13:00","Comprehensive Primary Care, HIV/TB Services, Maternal Health, Chronic Disease Management","diabetes, hypertension, asthma, arthritis, tuberculosis, hiv, allergy",Yes,Limited,No
8,Soweto Medical Centre,Gauteng,Soweto,Health Centre,-25.538308,27.863443,011 151 2304,"Mon-Fri 08:00-16:00, Sat-Sun Closed","Comprehensive Primary Care, HIV/TB Services, Maternal Health, Chronic Disease Management","diabetes, hypertension, asthma, arthritis, tuberculosis, hiv, allergy",Yes,Yes,No
9,Soweto Regional Clinic,Gauteng,Soweto,Specialist Clinic,-25.844307,28.014132,010 522 6217,"Mon-Fri 08:00-16:00, Sat-Sun Closed","Specialist Consultation, Dental, Eye Care, Mental Health","migraine, vertigo, stroke, skin conditions, allergy",Yes,Limited,No
10,Soweto Health Facility,Gauteng,Soweto,Primary Care Clinic,-25.820276,28.179637,010 109 5830,"Mon-Fri 07:00-17:00, Sat 08:00-13:00","General Consultation, Immunizations, Health Screening, Family Planning","flu, cold, fever, headache, diarrhea, allergy, asthma, hypertension",Yes,Yes,No
11,Tembisa Health Facility,Gauteng,Tembisa,Community Health Centre,-26.259322,28.081092,011 550 1063,"Mon-Fri 07:00-18:00, Sat 08:00-14:00","General Consultation, HIV/TB Testing, Immunizations, Maternal Health, Child Health","flu, cold, fever, headache, diarrhea, malaria, tuberculosis, hiv",Yes,Yes,No
12,Tembisa Primary Care Clinic,Gauteng,Tembisa,Primary Care Clinic,-25.764631,27.906969,012 383 7840,"Mon-Fri 07:00-17:00, Sat 08:00-13:00","General Consultation, Immunizations, Health Screening, Family Planning","flu, cold, fever, headache, diarrhea, allergy, asthma, hypertension",Yes,Limited,No
13,Tembisa Health Facility,Gauteng,Tembisa,Health Centre,-26.110495,27.541836,010 930 2176,"Mon-Fri 07:00-18:00, Sat 08:00-14:00","Comprehensive Primary Care, HIV/TB Services, Maternal Health, Chronic Disease Management","diabetes, hypertension, asthma, arthritis, tuberculosis, hiv, allergy",Yes,Limited,No
14,Tembisa Regional Clinic,Gauteng,Tembisa,District Hospital,-25.97542,28.290189,010 366 3998,"Mon-Fri 08:00-16:00, Sat-Sun Closed","Emergency Care, General Surgery, Maternity, Pediatrics, Specialist Referral","malaria, typhoid, tuberculosis, hiv, pneumonia, stroke, heart disease, diabetes",Yes,Yes,Yes
15,Vereeniging Health Facility,Gauteng,Vereeniging,Health Centre,-26.277423,28.492487,012 591 8922,"Mon-Fri 07:00-18:00, Sat 08:00-14:00","Comprehensive Primary Care, HIV/TB Services, Maternal Health, Chronic Disease Management","diabetes, hypertension, asthma, arthritis, tuberculosis, hiv, allergy",No,Yes,No
16,Vereeniging Health Facility,Gauteng,Vereeniging,Primary Care Clinic,-25.899859,28.274207,010 752 6841,24 Hours Emergency Services Available,"General Consultation, Immunizations, Health Screening, Family Planning","flu, cold, fever, headache, diarrhea, allergy, asthma, hypertension",Yes,Yes,Yes
17,Vereeniging Medical Centre,Gauteng,Vereeniging,Health Centre,-26.321662,28.238741,010 333 1561,"Mon-Fri 07:00-18:00, Sat 08:00-14:00","Comprehensive Primary Care, HIV/TB Services, Maternal Health, Chronic Disease Management","diabetes, hypertension, asthma, arthritis, tuberculosis, hiv, allergy",No,Yes,No
18,Boksburg Health Centre,Gauteng,Boksburg,Health Centre,-25.929424,28.491052,010 756 2012,"Mon-Fri 07:00-18:00, Sat 08:00-14:00","Comprehensive Primary Care, HIV/TB Services, Maternal Health, Chronic Disease Management","diabetes, hypertension, asthma, arthritis, tuberculosis, hiv, allergy",Yes,Yes,No
19,Boksburg Regional Clinic,Gauteng,Boksburg,Community Health Centre,-25.773936,28.173346,012 480 2089,24 Hours Emergency Services Available,"General Consultation, HIV/TB Testing, Immunizations, Maternal Health, Child Health","flu, cold, fever, headache, diarrhea, malaria, tuberculosis, hiv",Yes,Yes,Yes
20,Boksburg Primary Care Clinic,Gauteng,Boksburg,Primary Care Clinic,-26.424161,27.547945,010 979 3451,"Mon-Fri 07:00-18:00, Sat 08:00-14:00","General Consultation, Immunizations, Health Screening, Family Planning","flu, cold, fever, headache, diarrhea, allergy, asthma, hypertension",No,Limited,No
21,Boksburg Health Facility,Gauteng,Boksburg,Community Health Centre,-26.269745,28.477482,012 423 5034,24 Hours Emergency Services Available,"General Consultation, HIV/TB Testing, Immunizations, Maternal Health, Child Health","flu, cold, fever, headache, diarrhea, malaria, tuberculosis, hiv",Yes,Limited,Yes
22,Boksburg Regional Clinic,Gauteng,Boksburg,Health Centre,-25.844427,27.643989,010 592 2398,24 Hours Emergency Services Available,"Comprehensive Primary Care, HIV/TB Services, Maternal Health, Chronic Disease Management","diabetes, hypertension, asthma, arthritis, tuberculosis, hiv, allergy",Yes,Yes,Yes
23,Cape Town Health Centre,Western Cape,Cape Town,Health Centre,-33.650156,18.922917,010 409 5471,"Mon-Fri 07:00-17:00, Sat 08:00-13:00","Comprehensive Primary Care, HIV/TB Services, Maternal Health, Chronic Disease Management","diabetes, hypertension, asthma, arthritis, tuberculosis, hiv, allergy",Yes,Yes,No
24,Cape Town Health Facility,Western Cape,Cape Town,Specialist Clinic,-33.912954,18.96811,012 884 3362,"Mon-Fri 08:00-16:00, Sat-Sun Closed","Specialist Consultation, Dental, Eye Care, Mental Health","migraine, vertigo, stroke, skin conditions, allergy",Yes,Yes,No
25,Cape Town District Hospital,Western Cape,Cape Town,District Hospital,-34.337393,18.690629,012 273 7522,"Mon-Fri 08:00-16:00, Sat-Sun Closed","Emergency Care, General Surgery, Maternity, Pediatrics, Specialist Referral","malaria, typhoid, tuberculosis, hiv, pneumonia, stroke, heart disease, diabetes",Yes,Yes,Yes
26,Mitchells Plain Health Facility,Western Cape,Mitchells Plain,Primary Care Clinic,-34.300485,18.486362,011 319 4331,24 Hours Emergency Services Available,"General Consultation, Immunizations, Health Screening, Family Planning","flu, cold, fever, headache, diarrhea, allergy, asthma, hypertension",Yes,Yes,Yes
27,Mitchells Plain Medical Centre,Western Cape,Mitchells Plain,Community Health Centre,-33.516355,18.567302,011 679 7924,"Mon-Fri 07:00-18:00, Sat 08:00-14:00","General Consultation, HIV/TB Testing, Immunizations, Maternal Health, Child Health","flu, cold, fever, headache, diarrhea, malaria, tuberculosis, hiv",Yes,Yes,No
28,Mitchells Plain Regional Clinic,Western Cape,Mitchells Plain,Health Centre,-33.856831,18.599349,010 309 4285,"Mon-Fri 08:00-16:00, Sat-Sun Closed","Comprehensive Primary Care, HIV/TB Services, Maternal Health, Chronic Disease Management","diabetes, hypertension, asthma, arthritis, tuberculosis, hiv, allergy",Yes,Limited,No
29,Khayelitsha Specialist Clinic,Western Cape,Khayelitsha,Specialist Clinic,-33.588058,18.106638,011 227 2812,"Mon-Fri 07:00-17:00, Sat 08:00-13:00","Specialist Consultation, Dental, Eye Care, Mental Health","migraine, vertigo, stroke, skin conditions, allergy",Yes,Yes,No
30,Khayelitsha District Hospital,Western Cape,Khayelitsha,District Hospital,-34.248315,18.366474,012 226 6549,"Mon-Fri 07:00-18:00, Sat 08:00-14:00","Emergency Care, General Surgery, Maternity, Pediatrics, Specialist Referral","malaria, typhoid, tuberculosis, hiv, pneumonia, stroke, heart disease, diabetes",No,Yes,Yes
31,Khayelitsha Health Facility,Western Cape,Khayelitsha,District Hospital,-34.051982,18.687616,010 711 7357,"Mon-Fri 08:00-16:00, Sat-Sun Closed","Emergency Care, General Surgery, Maternity, Pediatrics, Specialist Referral","malaria, typhoid, tuberculosis, hiv, pneumonia, stroke, heart disease, diabetes",Yes,Yes,Yes
32,Khayelitsha Health Facility,Western Cape,Khayelitsha,Primary Care Clinic,-33.566986,18.271121,011 532 8581,"Mon-Fri 07:00-17:00, Sat 08:00-13:00","General Consultation, Immunizations, Health Screening, Family Planning","flu, cold, fever, headache, diarrhea, allergy, asthma, hypertension",Yes,Yes,No
33,Khayelitsha District Hospital,Western Cape,Khayelitsha,District Hospital,-34.473018,18.883812,011 595 6940,"Mon-Fri 08:00-16:00, Sat-Sun Closed","Emergency Care, General Surgery, Maternity, Pediatrics, Specialist Referral","malaria, typhoid, tuberculosis, hiv, pneumonia, stroke, heart disease, diabetes",Yes,Yes,Yes
34,Bellville Medical Centre,Western Cape,Bellville,District Hospital,-33.812108,18.584313,010 976 9228,24 Hours Emergency Services Available,"Emergency Care, General Surgery, Maternity, Pediatrics, Specialist Referral","malaria, typhoid, tuberculosis, hiv, pneumonia, stroke, heart disease, diabetes",Yes,Limited,Yes
35,Bellville Medical Centre,Western Cape,Bellville,Health Centre,-34.096033,18.29198,012 247 9201,24 Hours Emergency Services Available,"Comprehensive Primary Care, HIV/TB Services, Maternal Health, Chronic Disease Management","diabetes, hypertension, asthma, arthritis, tuberculosis, hiv, allergy",Yes,Limited,Yes
36,Bellville Regional Clinic,Western Cape,Bellville,Specialist Clinic,-33.980822,18.077641,011 404 4821,"Mon-Fri 07:00-17:00, Sat 08:00-13:00","Specialist Consultation, Dental, Eye Care, Mental Health","migraine, vertigo, stroke, skin conditions, allergy",Yes,Limited,No
37,Paarl Medical Centre,Western Cape,Paarl,Community Health Centre,-34.420328,18.844786,010 953 5614,"Mon-Fri 07:00-17:00, Sat 08:00-13:00","General Consultation, HIV/TB Testing, Immunizations, Maternal Health, Child Health","flu, cold, fever, headache, diarrhea, malaria, tuberculosis, hiv",Yes,Limited,No
38,Paarl Medical Centre,Western Cape,Paarl,Specialist Clinic,-33.844047,18.66567,012 645 5872,"Mon-Fri 07:00-18:00, Sat 08:00-14:00","Specialist Consultation, Dental, Eye Care, Mental Health","migraine, vertigo, stroke, skin conditions, allergy",Yes,Limited,No
39,Paarl Medical Centre,Western Cape,Paarl,Primary Care Clinic,-34.33215,18.136023,010 213 1280,24 Hours Emergency Services Available,"General Consultation, Immunizations, Health Screening, Family Planning","flu, cold, fever, headache, diarrhea, allergy, asthma, hypertension",Yes,Yes,Yes
40,Durban Regional Clinic,KwaZulu-Natal,Durban,District Hospital,-29.96606,31.781968,011 435 3917,"Mon-Fri 07:00-18:00, Sat 08:00-14:00","Emergency Care, General Surgery, Maternity, Pediatrics, Specialist Referral","malaria, typhoid, tuberculosis, hiv, pneumonia, stroke, heart disease, diabetes",Yes,Yes,Yes
41,Durban Health Facility,KwaZulu-Natal,Durban,Health Centre,-29.957996,31.909994,010 711 5619,"Mon-Fri 07:00-17:00, Sat 08:00-13:00","Comprehensive Primary Care, HIV/TB Services, Maternal Health, Chronic Disease Management","diabetes, hypertension, asthma, arthritis, tuberculosis, hiv, allergy",Yes,Limited,No
42,Durban Health Facility,KwaZulu-Natal,Durban,Specialist Clinic,-30.477784,31.482265,011 738 3191,"Mon-Fri 07:00-18:00, Sat 08:00-14:00","Specialist Consultation, Dental, Eye Care, Mental Health","migraine, vertigo, stroke, skin conditions, allergy",No,Yes,No
43,Durban Specialist Clinic,KwaZulu-Natal,Durban,Specialist Clinic,-28.998052,31.162942,011 794 9619,"Mon-Fri 08:00-16:00, Sat-Sun Closed","Specialist Consultation, Dental, Eye Care, Mental Health","migraine, vertigo, stroke, skin conditions, allergy",No,Limited,No
44,Pietermaritzburg Health Facility,KwaZulu-Natal,Pietermaritzburg,District Hospital,-29.249469,31.478309,011 671 5220,"Mon-Fri 07:00-17:00, Sat 08:00-13:00","Emergency Care, General Surgery, Maternity, Pediatrics, Specialist Referral","malaria, typhoid, tuberculosis, hiv, pneumonia, stroke, heart disease, diabetes",Yes,Limited,Yes
45,Pietermaritzburg Health Centre,KwaZulu-Natal,Pietermaritzburg,Health Centre,-29.751792,30.049899,011 878 9236,"Mon-Fri 07:00-18:00, Sat 08:00-14:00","Comprehensive Primary Care, HIV/TB Services, Maternal Health, Chronic Disease Management","diabetes, hypertension, asthma, arthritis, tuberculosis, hiv, allergy",Yes,Limited,No
46,Pietermaritzburg Regional Clinic,KwaZulu-Natal,Pietermaritzburg,Community Health Centre,-29.154165,30.342488,011 719 9863,"Mon-Fri 07:00-17:00, Sat 08:00-13:00","General Consultation, HIV/TB Testing, Immunizations, Maternal Health, Child Health","flu, cold, fever, headache, diarrhea, malaria, tuberculosis, hiv",Yes,Yes,No
47,Pietermaritzburg Regional Clinic,KwaZulu-Natal,Pietermaritzburg,Health Centre,-29.579389,31.722071,011 625 5973,"Mon-Fri 08:00-16:00, Sat-Sun Closed","Comprehensive Primary Care, HIV/TB Services, Maternal Health, Chronic Disease Management","diabetes, hypertension, asthma, arthritis, tuberculosis, hiv, allergy",No,Yes,No
48,Umlazi Regional Clinic,KwaZulu-Natal,Umlazi,Specialist Clinic,-29.778281,31.717097,010 410 4046,"Mon-Fri 07:00-17:00, Sat 08:00-13:00","Specialist Consultation, Dental, Eye Care, Mental Health","migraine, vertigo, stroke, skin conditions, allergy",Yes,Yes,No
49,Umlazi Regional Clinic,KwaZulu-Natal,Umlazi,District Hospital,-28.67481,30.132922,010 777 7326,"Mon-Fri 07:00-17:00, Sat 08:00-13:00","Emergency Care, General Surgery, Maternity, Pediatrics, Specialist Referral","malaria, typhoid, tuberculosis, hiv, pneumonia, stroke, heart disease, diabetes",Yes,Limited,Yes
50,Umlazi Health Centre,KwaZulu-Natal,Umlazi,Health Centre,-29.704557,31.232988,010 488 4101,"Mon-Fri 07:00-17:00, Sat 08:00-13:00","Comprehensive Primary Care, HIV/TB Services, Maternal Health, Chronic Disease Management","diabetes, hypertension, asthma, arthritis, tuberculosis, hiv, allergy",Yes,Yes,No
51,Umlazi Primary Care Clinic,KwaZulu-Natal,Umlazi,Primary Care Clinic,-30.380582,31.761116,010 970 1920,"Mon-Fri 08:00-16:00, Sat-Sun Closed","General Consultation, Immunizations, Health Screening, Family Planning","flu, cold, fever, headache, diarrhea, allergy, asthma, hypertension",Yes,Limited,No
52,Newcastle Medical Centre,KwaZulu-Natal,Newcastle,Community Health Centre,-30.1628,31.136252,010 403 9510,"Mon-Fri 08:00-16:00, Sat-Sun Closed","General Consultation, HIV/TB Testing, Immunizations, Maternal Health, Child Health","flu, cold, fever, headache, diarrhea, malaria, tuberculosis, hiv",Yes,Yes,No
53,Newcastle Regional Clinic,KwaZulu-Natal,Newcastle,Health Centre,-30.083968,31.791243,012 616 8954,"Mon-Fri 08:00-16:00, Sat-Sun Closed","Comprehensive Primary Care, HIV/TB Services, Maternal Health, Chronic Disease Management","diabetes, hypertension, asthma, arthritis, tuberculosis, hiv, allergy",Yes,Yes,No
54,Newcastle Medical Centre,KwaZulu-Natal,Newcastle,Community Health Centre,-29.960086,30.70991,010 685 3887,24 Hours Emergency Services Available,"General Consultation, HIV/TB Testing, Immunizations, Maternal Health, Child Health","flu, cold, fever, headache, diarrhea, malaria, tuberculosis, hiv",No,Yes,Yes
55,Newcastle Regional Clinic,KwaZulu-Natal,Newcastle,Community Health Centre,-29.726593,30.138092,012 510 4628,"Mon-Fri 08:00-16:00, Sat-Sun Closed","General Consultation, HIV/TB Testing, Immunizations, Maternal Health, Child Health","flu, cold, fever, headache, diarrhea, malaria, tuberculosis, hiv",Yes,Yes,No
56,Newcastle Health Facility,KwaZulu-Natal,Newcastle,Primary Care Clinic,-28.734803,31.098064,011 805 9873,"Mon-Fri 07:00-17:00, Sat 08:00-13:00","General Consultation, Immunizations, Health Screening, Family Planning","flu, cold, fever, headache, diarrhea, allergy, asthma, hypertension",Yes,Limited,No
57,Richards Bay Medical Centre,KwaZulu-Natal,Richards Bay,Specialist Clinic,-28.817952,31.251758,011 451 8923,"Mon-Fri 07:00-18:00, Sat 08:00-14:00","Specialist Consultation, Dental, Eye Care, Mental Health","migraine, vertigo, stroke, skin conditions, allergy",No,Yes,No
58,Richards Bay District Hospital,KwaZulu-Natal,Richards Bay,District Hospital,-29.60222,31.440842,011 342 9028,24 Hours Emergency Services Available,"Emergency Care, General Surgery, Maternity, Pediatrics, Specialist Referral","malaria, typhoid, tuberculosis, hiv, pneumonia, stroke, heart disease, diabetes",Yes,Limited,Yes
59,Richards Bay Community Health Centre,KwaZulu-Natal,Richards Bay,Community Health Centre,-29.320569,31.104244,010 534 2609,"Mon-Fri 07:00-18:00, Sat 08:00-14:00","General Consultation, HIV/TB Testing, Immunizations, Maternal Health, Child Health","flu, cold, fever, headache, diarrhea, malaria, tuberculosis, hiv",No,Yes,No
60,Port Elizabeth Regional Clinic,Eastern Cape,Port Elizabeth,District Hospital,-31.538229,26.452159,012 153 4469,24 Hours Emergency Services Available,"Emergency Care, General Surgery, Maternity, Pediatrics, Specialist Referral","malaria, typhoid, tuberculosis, hiv, pneumonia, stroke, heart disease, diabetes",Yes,Yes,Yes
61,Port Elizabeth Regional Clinic,Eastern Cape,Port Elizabeth,Health Centre,-33.214243,27.925282,011 658 7378,"Mon-Fri 07:00-18:00, Sat 08:00-14:00","Comprehensive Primary Care, HIV/TB Services, Maternal Health, Chronic Disease Management","diabetes, hypertension, asthma, arthritis, tuberculosis, hiv, allergy",No,Yes,No
62,Port Elizabeth Health Facility,Eastern Cape,Port Elizabeth,Specialist Clinic,-31.817812,27.510445,011 128 7889,"Mon-Fri 08:00-16:00, Sat-Sun Closed","Specialist Consultation, Dental, Eye Care, Mental Health","migraine, vertigo, stroke, skin conditions, allergy",Yes,Yes,No
63,East London Regional Clinic,Eastern Cape,East London,Specialist Clinic,-32.094969,26.817342,011 394 8488,"Mon-Fri 07:00-18:00, Sat 08:00-14:00","Specialist Consultation, Dental, Eye Care, Mental Health","migraine, vertigo, stroke, skin conditions, allergy",Yes,Yes,No
64,East London Health Facility,Eastern Cape,East London,Health Centre,-33.01371,26.106224,010 334 2445,"Mon-Fri 07:00-18:00, Sat 08:00-14:00","Comprehensive Primary Care, HIV/TB Services, Maternal Health, Chronic Disease Management","diabetes, hypertension, asthma, arthritis, tuberculosis, hiv, allergy",No,Yes,No
65,East London Health Facility,Eastern Cape,East London,Specialist Clinic,-31.467414,27.865424,012 424 5994,"Mon-Fri 07:00-18:00, Sat 08:00-14:00","Specialist Consultation, Dental, Eye Care, Mental Health","migraine, vertigo, stroke, skin conditions, allergy",Yes,Yes,No
66,East London Medical Centre,Eastern Cape,East London,Health Centre,-32.567718,26.046854,012 714 6821,24 Hours Emergency Services Available,"Comprehensive Primary Care, HIV/TB Services, Maternal Health, Chronic Disease Management","diabetes, hypertension, asthma, arthritis, tuberculosis, hiv, allergy",No,Yes,Yes
67,East London Health Facility,Eastern Cape,East London,District Hospital,-31.680013,27.031861,012 684 3759,"Mon-Fri 07:00-17:00, Sat 08:00-13:00","Emergency Care, General Surgery, Maternity, Pediatrics, Specialist Referral","malaria, typhoid, tuberculosis, hiv, pneumonia, stroke, heart disease, diabetes",Yes,Yes,Yes
68,Mthatha Medical Centre,Eastern Cape,Mthatha,District Hospital,-33.975158,25.440041,012 408 1542,"Mon-Fri 07:00-18:00, Sat 08:00-14:00","Emergency Care, General Surgery, Maternity, Pediatrics, Specialist Referral","malaria, typhoid, tuberculosis, hiv, pneumonia, stroke, heart disease, diabetes",Yes,Limited,Yes
69,Mthatha Health Facility,Eastern Cape,Mthatha,District Hospital,-31.946528,26.172664,010 735 8295,"Mon-Fri 07:00-17:00, Sat 08:00-13:00","Emergency Care, General Surgery, Maternity, Pediatrics, Specialist Referral","malaria, typhoid, tuberculosis, hiv, pneumonia, stroke, heart disease, diabetes",Yes,Yes,Yes
70,Mthatha Medical Centre,Eastern Cape,Mthatha,Health Centre,-32.553022,26.754622,010 197 8982,24 Hours Emergency Services Available,"Comprehensive Primary Care, HIV/TB Services, Maternal Health, Chronic Disease Management","diabetes, hypertension, asthma, arthritis, tuberculosis, hiv, allergy",Yes,Limited,Yes
71,Mthatha Regional Clinic,Eastern Cape,Mthatha,Community Health Centre,-31.239849,26.418337,011 288 5417,24 Hours Emergency Services Available,"General Consultation, HIV/TB Testing, Immunizations, Maternal Health, Child Health","flu, cold, fever, headache, diarrhea, malaria, tuberculosis, hiv",Yes,Yes,Yes
72,Mthatha Medical Centre,Eastern Cape,Mthatha,District Hospital,-33.803768,25.973114,011 714 1630,"Mon-Fri 07:00-17:00, Sat 08:00-13:00","Emergency Care, General Surgery, Maternity, Pediatrics, Specialist Referral","malaria, typhoid, tuberculosis, hiv, pneumonia, stroke, heart disease, diabetes",Yes,Yes,Yes
73,Queenstown Regional Clinic,Eastern Cape,Queenstown,Health Centre,-33.126674,25.966365,011 608 8118,"Mon-Fri 08:00-16:00, Sat-Sun Closed","Comprehensive Primary Care, HIV/TB Services, Maternal Health, Chronic Disease Management","diabetes, hypertension, asthma, arthritis, tuberculosis, hiv, allergy",Yes,Yes,No
74,Queenstown Community Health Centre,Eastern Cape,Queenstown,Community Health Centre,-31.566545,25.375148,011 735 4198,"Mon-Fri 07:00-18:00, Sat 08:00-14:00","General Consultation, HIV/TB Testing, Immunizations, Maternal Health, Child Health","flu, cold, fever, headache, diarrhea, malaria, tuberculosis, hiv",Yes,Limited,No
75,Queenstown Regional Clinic,Eastern Cape,Queenstown,District Hospital,-33.659447,27.302926,010 918 1327,"Mon-Fri 07:00-17:00, Sat 08:00-13:00","Emergency Care, General Surgery, Maternity, Pediatrics, Specialist Referral","malaria, typhoid, tuberculosis, hiv, pneumonia, stroke, heart disease, diabetes",Yes,Yes,Yes
76,Queenstown District Hospital,Eastern Cape,Queenstown,District Hospital,-32.107601,25.968607,012 457 7713,"Mon-Fri 07:00-17:00, Sat 08:00-13:00","Emergency Care, General Surgery, Maternity, Pediatrics, Specialist Referral","malaria, typhoid, tuberculosis, hiv, pneumonia, stroke, heart disease, diabetes",Yes,Limited,Yes
77,Polokwane Regional Clinic,Limpopo,Polokwane,Specialist Clinic,-23.176865,28.385442,011 449 5104,"Mon-Fri 07:00-17:00, Sat 08:00-13:00","Specialist Consultation, Dental, Eye Care, Mental Health","migraine, vertigo, stroke, skin conditions, allergy",Yes,Yes,No
78,Polokwane Medical Centre,Limpopo,Polokwane,Primary Care Clinic,-23.020955,28.174908,010 171 4848,"Mon-Fri 07:00-18:00, Sat 08:00-14:00","General Consultation, Immunizations, Health Screening, Family Planning","flu, cold, fever, headache, diarrhea, allergy, asthma, hypertension",Yes,Limited,No
79,Polokwane Health Facility,Limpopo,Polokwane,Community Health Centre,-23.945654,28.733166,012 950 2392,"Mon-Fri 08:00-16:00, Sat-Sun Closed","General Consultation, HIV/TB Testing, Immunizations, Maternal Health, Child Health","flu, cold, fever, headache, diarrhea, malaria, tuberculosis, hiv",Yes,Limited,No
80,Thohoyandou Health Facility,Limpopo,Thohoyandou,Community Health Centre,-22.795431,29.629889,012 142 6748,"Mon-Fri 07:00-18:00, Sat 08:00-14:00","General Consultation, HIV/TB Testing, Immunizations, Maternal Health, Child Health","flu, cold, fever, headache, diarrhea, malaria, tuberculosis, hiv",No,Yes,No
81,Thohoyandou Regional Clinic,Limpopo,Thohoyandou,Health Centre,-23.759453,29.923281,011 568 9078,24 Hours Emergency Services Available,"Comprehensive Primary Care, HIV/TB Services, Maternal Health, Chronic Disease Management","diabetes, hypertension, asthma, arthritis, tuberculosis, hiv, allergy",No,Yes,Yes
82,Thohoyandou Regional Clinic,Limpopo,Thohoyandou,Primary Care Clinic,-23.561084,30.463608,010 262 8200,"Mon-Fri 07:00-17:00, Sat 08:00-13:00","General Consultation, Immunizations, Health Screening, Family Planning","flu, cold, fever, headache, diarrhea, allergy, asthma, hypertension",Yes,Yes,No
83,Thohoyandou Medical Centre,Limpopo,Thohoyandou,Community Health Centre,-23.226887,30.98381,010 330 3088,"Mon-Fri 07:00-18:00, Sat 08:00-14:00","General Consultation, HIV/TB Testing, Immunizations, Maternal Health, Child Health","flu, cold, fever, headache, diarrhea, malaria, tuberculosis, hiv",Yes,Yes,No
84,Giyani Medical Centre,Limpopo,Giyani,Specialist Clinic,-23.601747,30.932409,011 349 2583,"Mon-Fri 08:00-16:00, Sat-Sun Closed","Specialist Consultation, Dental, Eye Care, Mental Health","migraine, vertigo, stroke, skin conditions, allergy",Yes,Limited,No
85,Giyani Regional Clinic,Limpopo,Giyani,Specialist Clinic,-24.857274,29.522437,012 513 3613,"Mon-Fri 07:00-17:00, Sat 08:00-13:00","Specialist Consultation, Dental, Eye Care, Mental Health","migraine, vertigo, stroke, skin conditions, allergy",No,Yes,No
86,Giyani Health Centre,Limpopo,Giyani,Health Centre,-24.643896,30.642313,010 775 1111,"Mon-Fri 07:00-18:00, Sat 08:00-14:00","Comprehensive Primary Care, HIV/TB Services, Maternal Health, Chronic Disease Management","diabetes, hypertension, asthma, arthritis, tuberculosis, hiv, allergy",No,Yes,No
87,Giyani District Hospital,Limpopo,Giyani,District Hospital,-23.32735,28.116576,011 242 5371,"Mon-Fri 07:00-18:00, Sat 08:00-14:00","Emergency Care, General Surgery, Maternity, Pediatrics, Specialist Referral","malaria, typhoid, tuberculosis, hiv, pneumonia, stroke, heart disease, diabetes",No,Yes,Yes
88,Giyani Medical Centre,Limpopo,Giyani,Primary Care Clinic,-23.896003,28.280302,010 149 4864,24 Hours Emergency Services Available,"General Consultation, Immunizations, Health Screening, Family Planning","flu, cold, fever, headache, diarrhea, allergy, asthma, hypertension",Yes,Yes,Yes
89,Lebowakgomo Medical Centre,Limpopo,Lebowakgomo,District Hospital,-23.027012,28.275298,011 562 4147,"Mon-Fri 08:00-16:00, Sat-Sun Closed","Emergency Care, General Surgery, Maternity, Pediatrics, Specialist Referral","malaria, typhoid, tuberculosis, hiv, pneumonia, stroke, heart disease, diabetes",Yes,Yes,Yes
90,Lebowakgomo Health Facility,Limpopo,Lebowakgomo,Health Centre,-22.240101,29.768483,010 518 9652,"Mon-Fri 07:00-17:00, Sat 08:00-13:00","Comprehensive Primary Care, HIV/TB Services, Maternal Health, Chronic Disease Management","diabetes, hypertension, asthma, arthritis, tuberculosis, hiv, allergy",Yes,Limited,No
91,Lebowakgomo Health Facility,Limpopo,Lebowakgomo,Health Centre,-24.87395,28.162951,010 407 8847,"Mon-Fri 07:00-17:00, Sat 08:00-13:00","Comprehensive Primary Care, HIV/TB Services, Maternal Health, Chronic Disease Management","diabetes, hypertension, asthma, arthritis, tuberculosis, hiv, allergy",Yes,Yes,No
92,Lebowakgomo Specialist Clinic,Limpopo,Lebowakgomo,Specialist Clinic,-23.835806,29.578835,011 640 3766,24 Hours Emergency Services Available,"Specialist Consultation, Dental, Eye Care, Mental Health","migraine, vertigo, stroke, skin conditions, allergy",Yes,Yes,Yes
93,Nelspruit Primary Care Clinic,Mpumalanga,Nelspruit,Primary Care Clinic,-25.806209,28.500321,010 462 9374,24 Hours Emergency Services Available,"General Consultation, Immunizations, Health Screening, Family Planning","flu, cold, fever, headache, diarrhea, allergy, asthma, hypertension",Yes,Limited,Yes
94,Nelspruit Medical Centre,Mpumalanga,Nelspruit,Community Health Centre,-24.354986,28.634326,012 116 7262,"Mon-Fri 07:00-17:00, Sat 08:00-13:00","General Consultation, HIV/TB Testing, Immunizations, Maternal Health, Child Health","flu, cold, fever, headache, diarrhea, malaria, tuberculosis, hiv",Yes,Yes,No
95,Nelspruit Health Facility,Mpumalanga,Nelspruit,Primary Care Clinic,-24.882948,29.708195,010 920 4191,"Mon-Fri 07:00-17:00, Sat 08:00-13:00","General Consultation, Immunizations, Health Screening, Family Planning","flu, cold, fever, headache, diarrhea, allergy, asthma, hypertension",Yes,Yes,No
96,Witbank Health Facility,Mpumalanga,Witbank,Community Health Centre,-26.089855,30.221623,010 223 6579,"Mon-Fri 07:00-18:00, Sat 08:00-14:00","General Consultation, HIV/TB Testing, Immunizations, Maternal Health, Child Health","flu, cold, fever, headache, diarrhea, malaria, tuberculosis, hiv",No,Limited,No
97,Witbank Regional Clinic,Mpumalanga,Witbank,Primary Care Clinic,-24.55177,28.597472,011 497 7242,"Mon-Fri 08:00-16:00, Sat-Sun Closed","General Consultation, Immunizations, Health Screening, Family Planning","flu, cold, fever, headache, diarrhea, allergy, asthma, hypertension",Yes,Yes,No
98,Witbank Medical Centre,Mpumalanga,Witbank,Health Centre,-26.068989,29.699759,010 522 5668,"Mon-Fri 07:00-17:00, Sat 08:00-13:00","Comprehensive Primary Care, HIV/TB Services, Maternal Health, Chronic Disease Management","diabetes, hypertension, asthma, arthritis, tuberculosis, hiv, allergy",Yes,Yes,No
99,Witbank Health Facility,Mpumalanga,Witbank,Health Centre,-24.315214,28.165184,010 236 5852,"Mon-Fri 08:00-16:00, Sat-Sun Closed","Comprehensive Primary Care, HIV/TB Services, Maternal Health, Chronic Disease Management","diabetes, hypertension, asthma, arthritis, tuberculosis, hiv, allergy",Yes,Limited,No
100,Witbank Regional Clinic,Mpumalanga,Witbank,Specialist Clinic,-26.138174,28.980777,012 443 9310,"Mon-Fri 07:00-18:00, Sat 08:00-14:00","Specialist Consultation, Dental, Eye Care, Mental Health","migraine, vertigo, stroke, skin conditions, allergy",Yes,Yes,No
101,Standerton Medical Centre,Mpumalanga,Standerton,Health Centre,-25.591561,28.701201,011 122 9978,"Mon-Fri 07:00-17:00, Sat 08:00-13:00","Comprehensive Primary Care, HIV/TB Services, Maternal Health, Chronic Disease Management","diabetes, hypertension, asthma, arthritis, tuberculosis, hiv, allergy",No,Limited,No
102,Standerton Regional Clinic,Mpumalanga,Standerton,Specialist Clinic,-26.268469,30.295413,011 454 1877,"Mon-Fri 07:00-17:00, Sat 08:00-13:00","Specialist Consultation, Dental, Eye Care, Mental Health","migraine, vertigo, stroke, skin conditions, allergy",Yes,Yes,No
103,Standerton District Hospital,Mpumalanga,Standerton,District Hospital,-26.434945,29.070011,011 371 5477,24 Hours Emergency Services Available,"Emergency Care, General Surgery, Maternity, Pediatrics, Specialist Referral","malaria, typhoid, tuberculosis, hiv, pneumonia, stroke, heart disease, diabetes",No,Limited,Yes
104,Standerton Medical Centre,Mpumalanga,Standerton,Community Health Centre,-26.910186,29.332439,011 862 3644,24 Hours Emergency Services Available,"General Consultation, HIV/TB Testing, Immunizations, Maternal Health, Child Health","flu, cold, fever, headache, diarrhea, malaria, tuberculosis, hiv",No,Limited,Yes
105,Standerton Health Facility,Mpumalanga,Standerton,Primary Care Clinic,-26.871582,30.641915,010 191 2320,"Mon-Fri 07:00-18:00, Sat 08:00-14:00","General Consultation, Immunizations, Health Screening, Family Planning","flu, cold, fever, headache, diarrhea, allergy, asthma, hypertension",No,Limited,No
106,Secunda Community Health Centre,Mpumalanga,Secunda,Community Health Centre,-24.04884,29.003859,012 652 1706,24 Hours Emergency Services Available,"General Consultation, HIV/TB Testing, Immunizations, Maternal Health, Child Health","flu, cold, fever, headache, diarrhea, malaria, tuberculosis, hiv",No,Yes,Yes
107,Secunda Regional Clinic,Mpumalanga,Secunda,Specialist Clinic,-24.728357,28.881393,012 341 1091,"Mon-Fri 07:00-17:00, Sat 08:00-13:00","Specialist Consultation, Dental, Eye Care, Mental Health","migraine, vertigo, stroke, skin conditions, allergy",Yes,Yes,No
108,Secunda Health Facility,Mpumalanga,Secunda,Community Health Centre,-26.356336,28.030523,010 389 8410,"Mon-Fri 07:00-18:00, Sat 08:00-14:00","General Consultation, HIV/TB Testing, Immunizations, Maternal Health, Child Health","flu, cold, fever, headache, diarrhea, malaria, tuberculosis, hiv",No,Yes,No
109,Secunda Community Health Centre,Mpumalanga,Secunda,Community Health Centre,-24.445273,28.77149,010 500 8206,24 Hours Emergency Services Available,"General Consultation, HIV/TB Testing, Immunizations, Maternal Health, Child Health","flu, cold, fever, headache, diarrhea, malaria, tuberculosis, hiv",No,Yes,Yes
110,Mahikeng Regional Clinic,North West,Mahikeng,Health Centre,-25.003768,24.486416,010 177 5383,24 Hours Emergency Services Available,"Comprehensive Primary Care, HIV/TB Services, Maternal Health, Chronic Disease Management","diabetes, hypertension, asthma, arthritis, tuberculosis, hiv, allergy",Yes,Limited,Yes
111,Mahikeng Specialist Clinic,North West,Mahikeng,Specialist Clinic,-27.323634,24.373857,010 262 5789,"Mon-Fri 08:00-16:00, Sat-Sun Closed","Specialist Consultation, Dental, Eye Care, Mental Health","migraine, vertigo, stroke, skin conditions, allergy",No,Limited,No
112,Mahikeng Health Facility,North West,Mahikeng,Specialist Clinic,-25.777126,26.451986,011 674 7084,"Mon-Fri 07:00-17:00, Sat 08:00-13:00","Specialist Consultation, Dental, Eye Care, Mental Health","migraine, vertigo, stroke, skin conditions, allergy",No,Limited,No
113,Mahikeng Specialist Clinic,North West,Mahikeng,Specialist Clinic,-26.29735,26.367835,010 130 2561,24 Hours Emergency Services Available,"Specialist Consultation, Dental, Eye Care, Mental Health","migraine, vertigo, stroke, skin conditions, allergy",Yes,Yes,Yes
114,Rustenburg District Hospital,North West,Rustenburg,District Hospital,-25.002722,25.275859,010 646 3903,"Mon-Fri 08:00-16:00, Sat-Sun Closed","Emergency Care, General Surgery, Maternity, Pediatrics, Specialist Referral","malaria, typhoid, tuberculosis, hiv, pneumonia, stroke, heart disease, diabetes",No,Limited,Yes
115,Rustenburg Health Facility,North West,Rustenburg,District Hospital,-26.040158,25.327072,012 497 1881,24 Hours Emergency Services Available,"Emergency Care, General Surgery, Maternity, Pediatrics, Specialist Referral","malaria, typhoid, tuberculosis, hiv, pneumonia, stroke, heart disease, diabetes",Yes,Limited,Yes
116,Rustenburg Regional Clinic,North West,Rustenburg,Community Health Centre,-26.187285,26.973381,011 427 3762,"Mon-Fri 07:00-18:00, Sat 08:00-14:00","General Consultation, HIV/TB Testing, Immunizations, Maternal Health, Child Health","flu, cold, fever, headache, diarrhea, malaria, tuberculosis, hiv",Yes,Yes,No
117,Potchefstroom Medical Centre,North West,Potchefstroom,Specialist Clinic,-27.002354,25.762102,012 610 8104,"Mon-Fri 08:00-16:00, Sat-Sun Closed","Specialist Consultation, Dental, Eye Care, Mental Health","migraine, vertigo, stroke, skin conditions, allergy",No,Limited,No
118,Potchefstroom Medical Centre,North West,Potchefstroom,Primary Care Clinic,-27.439829,25.537451,011 283 6580,24 Hours Emergency Services Available,"General Consultation, Immunizations, Health Screening, Family Planning","flu, cold, fever, headache, diarrhea, allergy, asthma, hypertension",Yes,Yes,Yes
119,Potchefstroom Health Facility,North West,Potchefstroom,District Hospital,-25.864166,24.003365,010 832 4790,24 Hours Emergency Services Available,"Emergency Care, General Surgery, Maternity, Pediatrics, Specialist Referral","malaria, typhoid, tuberculosis, hiv, pneumonia, stroke, heart disease, diabetes",Yes,Yes,Yes
120,Potchefstroom Health Facility,North West,Potchefstroom,Specialist Clinic,-25.244093,26.293992,012 346 2556,"Mon-Fri 07:00-17:00, Sat 08:00-13:00","Specialist Consultation, Dental, Eye Care, Mental Health","migraine, vertigo, stroke, skin conditions, allergy",No,Yes,No
121,Potchefstroom Primary Care Clinic,North West,Potchefstroom,Primary Care Clinic,-26.784776,25.862195,011 710 4474,"Mon-Fri 07:00-18:00, Sat 08:00-14:00","General Consultation, Immunizations, Health Screening, Family Planning","flu, cold, fever, headache, diarrhea, allergy, asthma, hypertension",Yes,Limited,No
122,Klerksdorp Community Health Centre,North West,Klerksdorp,Community Health Centre,-26.907813,24.918419,012 846 2363,"Mon-Fri 07:00-18:00, Sat 08:00-14:00","General Consultation, HIV/TB Testing, Immunizations, Maternal Health, Child Health","flu, cold, fever, headache, diarrhea, malaria, tuberculosis, hiv",Yes,Yes,No
123,Klerksdorp Health Centre,North West,Klerksdorp,Health Centre,-26.458981,26.949052,012 630 3386,"Mon-Fri 07:00-17:00, Sat 08:00-13:00","Comprehensive Primary Care, HIV/TB Services, Maternal Health, Chronic Disease Management","diabetes, hypertension, asthma, arthritis, tuberculosis, hiv, allergy",Yes,Limited,No
124,Klerksdorp Medical Centre,North West,Klerksdorp,District Hospital,-27.735525,24.057549,010 173 2113,"Mon-Fri 08:00-16:00, Sat-Sun Closed","Emergency Care, General Surgery, Maternity, Pediatrics, Specialist Referral","malaria, typhoid, tuberculosis, hiv, pneumonia, stroke, heart disease, diabetes",Yes,Yes,Yes
125,Klerksdorp Medical Centre,North West,Klerksdorp,Community Health Centre,-25.100513,24.909959,011 701 5909,"Mon-Fri 07:00-17:00, Sat 08:00-13:00","General Consultation, HIV/TB Testing, Immunizations, Maternal Health, Child Health","flu, cold, fever, headache, diarrhea, malaria, tuberculosis, hiv",Yes,Yes,No
126,Klerksdorp Regional Clinic,North West,Klerksdorp,Community Health Centre,-26.811843,26.171307,012 817 3824,"Mon-Fri 07:00-17:00, Sat 08:00-13:00","General Consultation, HIV/TB Testing, Immunizations, Maternal Health, Child Health","flu, cold, fever, headache, diarrhea, malaria, tuberculosis, hiv",Yes,Yes,No
127,Bloemfontein Regional Clinic,Free State,Bloemfontein,Specialist Clinic,-28.587483,26.047285,012 902 3287,"Mon-Fri 07:00-18:00, Sat 08:00-14:00","Specialist Consultation, Dental, Eye Care, Mental Health","migraine, vertigo, stroke, skin conditions, allergy",Yes,Yes,No
128,Bloemfontein Medical Centre,Free State,Bloemfontein,Primary Care Clinic,-28.404441,27.178168,010 126 6047,"Mon-Fri 08:00-16:00, Sat-Sun Closed","General Consultation, Immunizations, Health Screening, Family Planning","flu, cold, fever, headache, diarrhea, allergy, asthma, hypertension",No,Yes,No
129,Bloemfontein District Hospital,Free State,Bloemfontein,District Hospital,-29.400559,25.702932,012 398 3218,24 Hours Emergency Services Available,"Emergency Care, General Surgery, Maternity, Pediatrics, Specialist Referral","malaria, typhoid, tuberculosis, hiv, pneumonia, stroke, heart disease, diabetes",Yes,Limited,Yes
130,Bloemfontein Community Health Centre,Free State,Bloemfontein,Community Health Centre,-27.609062,27.439807,012 302 1727,"Mon-Fri 08:00-16:00, Sat-Sun Closed","General Consultation, HIV/TB Testing, Immunizations, Maternal Health, Child Health","flu, cold, fever, headache, diarrhea, malaria, tuberculosis, hiv",No,Yes,No
131,Bloemfontein Regional Clinic,Free State,Bloemfontein,District Hospital,-27.344574,26.387665,012 714 3267,24 Hours Emergency Services Available,"Emergency Care, General Surgery, Maternity, Pediatrics, Specialist Referral","malaria, typhoid, tuberculosis, hiv, pneumonia, stroke, heart disease, diabetes",Yes,Limited,Yes
132,Welkom Medical Centre,Free State,Welkom,Primary Care Clinic,-29.728089,26.115243,012 567 6737,"Mon-Fri 07:00-17:00, Sat 08:00-13:00","General Consultation, Immunizations, Health Screening, Family Planning","flu, cold, fever, headache, diarrhea, allergy, asthma, hypertension",Yes,Yes,No
133,Welkom Medical Centre,Free State,Welkom,Community Health Centre,-28.482214,27.067645,010 329 2486,"Mon-Fri 07:00-17:00, Sat 08:00-13:00","General Consultation, HIV/TB Testing, Immunizations, Maternal Health, Child Health","flu, cold, fever, headache, diarrhea, malaria, tuberculosis, hiv",Yes,Yes,No
134,Welkom Health Facility,Free State,Welkom,District Hospital,-28.714271,27.362515,011 591 8477,"Mon-Fri 07:00-18:00, Sat 08:00-14:00","Emergency Care, General Surgery, Maternity, Pediatrics, Specialist Referral","malaria, typhoid, tuberculosis, hiv, pneumonia, stroke, heart disease, diabetes",Yes,Yes,Yes
135,Bethlehem Regional Clinic,Free State,Bethlehem,District Hospital,-29.338594,27.912381,010 639 1885,24 Hours Emergency Services Available,"Emergency Care, General Surgery, Maternity, Pediatrics, Specialist Referral","malaria, typhoid, tuberculosis, hiv, pneumonia, stroke, heart disease, diabetes",No,Yes,Yes
136,Bethlehem Medical Centre,Free State,Bethlehem,Health Centre,-28.118746,26.271222,011 491 1068,24 Hours Emergency Services Available,"Comprehensive Primary Care, HIV/TB Services, Maternal Health, Chronic Disease Management","diabetes, hypertension, asthma, arthritis, tuberculosis, hiv, allergy",Yes,Yes,Yes
137,Bethlehem Health Facility,Free State,Bethlehem,Primary Care Clinic,-28.510534,27.538217,012 894 4259,"Mon-Fri 08:00-16:00, Sat-Sun Closed","General Consultation, Immunizations, Health Screening, Family Planning","flu, cold, fever, headache, diarrhea, allergy, asthma, hypertension",No,Yes,No
138,Bethlehem Specialist Clinic,Free State,Bethlehem,Specialist Clinic,-29.022791,26.2283,011 334 8518,24 Hours Emergency Services Available,"Specialist Consultation, Dental, Eye Care, Mental Health","migraine, vertigo, stroke, skin conditions, allergy",Yes,Yes,Yes
139,Kroonstad Medical Centre,Free State,Kroonstad,Community Health Centre,-28.082838,27.449129,011 462 2898,24 Hours Emergency Services Available,"General Consultation, HIV/TB Testing, Immunizations, Maternal Health, Child Health","flu, cold, fever, headache, diarrhea, malaria, tuberculosis, hiv",No,Yes,Yes
140,Kroonstad Regional Clinic,Free State,Kroonstad,Health Centre,-28.16721,26.589963,011 131 9761,"Mon-Fri 08:00-16:00, Sat-Sun Closed","Comprehensive Primary Care, HIV/TB Services, Maternal Health, Chronic Disease Management","diabetes, hypertension, asthma, arthritis, tuberculosis, hiv, allergy",Yes,Yes,No
141,Kroonstad Specialist Clinic,Free State,Kroonstad,Specialist Clinic,-28.860493,27.716816,011 212 7331,"Mon-Fri 07:00-17:00, Sat 08:00-13:00","Specialist Consultation, Dental, Eye Care, Mental Health","migraine, vertigo, stroke, skin conditions, allergy",Yes,Yes,No
142,Kroonstad Health Facility,Free State,Kroonstad,District Hospital,-29.569507,26.445574,012 168 6001,24 Hours Emergency Services Available,"Emergency Care, General Surgery, Maternity, Pediatrics, Specialist Referral","malaria, typhoid, tuberculosis, hiv, pneumonia, stroke, heart disease, diabetes",No,Limited,Yes
143,Kroonstad Health Facility,Free State,Kroonstad,Community Health Centre,-28.166429,27.10945,010 161 9987,"Mon-Fri 08:00-16:00, Sat-Sun Closed","General Consultation, HIV/TB Testing, Immunizations, Maternal Health, Child Health","flu, cold, fever, headache, diarrhea, malaria, tuberculosis, hiv",Yes,Yes,No
144,Kimberley Medical Centre,Northern Cape,Kimberley,Health Centre,-31.020549,21.092878,012 248 9963,"Mon-Fri 07:00-17:00, Sat 08:00-13:00","Comprehensive Primary Care, HIV/TB Services, Maternal Health, Chronic Disease Management","diabetes, hypertension, asthma, arthritis, tuberculosis, hiv, allergy",Yes,Limited,No
145,Kimberley Specialist Clinic,Northern Cape,Kimberley,Specialist Clinic,-30.199465,21.925036,010 785 2089,"Mon-Fri 08:00-16:00, Sat-Sun Closed","Specialist Consultation, Dental, Eye Care, Mental Health","migraine, vertigo, stroke, skin conditions, allergy",Yes,Yes,No
146,Kimberley Medical Centre,Northern Cape,Kimberley,District Hospital,-29.081974,21.900618,011 311 9393,"Mon-Fri 07:00-17:00, Sat 08:00-13:00","Emergency Care, General Surgery, Maternity, Pediatrics, Specialist Referral","malaria, typhoid, tuberculosis, hiv, pneumonia, stroke, heart disease, diabetes",Yes,Yes,Yes
147,Kimberley Regional Clinic,Northern Cape,Kimberley,Health Centre,-28.625767,21.626322,010 745 4432,"Mon-Fri 08:00-16:00, Sat-Sun Closed","Comprehensive Primary Care, HIV/TB Services, Maternal Health, Chronic Disease Management","diabetes, hypertension, asthma, arthritis, tuberculosis, hiv, allergy",Yes,Limited,No
148,Kimberley Health Facility,Northern Cape,Kimberley,District Hospital,-28.57382,24.970897,010 695 5922,24 Hours Emergency Services Available,"Emergency Care, General Surgery, Maternity, Pediatrics, Specialist Referral","malaria, typhoid, tuberculosis, hiv, pneumonia, stroke, heart disease, diabetes",No,Yes,Yes
149,Upington Medical Centre,Northern Cape,Upington,Specialist Clinic,-30.538791,21.038585,012 410 2874,24 Hours Emergency Services Available,"Specialist Consultation, Dental, Eye Care, Mental Health","migraine, vertigo, stroke, skin conditions, allergy",Yes,Yes,Yes
150,Upington Regional Clinic,Northern Cape,Upington,Primary Care Clinic,-28.426478,20.684085,012 708 1023,"Mon-Fri 08:00-16:00, Sat-Sun Closed","General Consultation, Immunizations, Health Screening, Family Planning","flu, cold, fever, headache, diarrhea, allergy, asthma, hypertension",Yes,Yes,No
151,Upington Health Facility,Northern Cape,Upington,Primary Care Clinic,-31.918281,23.598671,012 103 2613,"Mon-Fri 07:00-17:00, Sat 08:00-13:00","General Consultation, Immunizations, Health Screening, Family Planning","flu, cold, fever, headache, diarrhea, allergy, asthma, hypertension",Yes,Limited,No
152,Upington Medical Centre,Northern Cape,Upington,District Hospital,-29.453988,22.414998,010 314 8379,"Mon-Fri 07:00-17:00, Sat 08:00-13:00","Emergency Care, General Surgery, Maternity, Pediatrics, Specialist Referral","malaria, typhoid, tuberculosis, hiv, pneumonia, stroke, heart disease, diabetes",Yes,Yes,Yes
153,Springbok Medical Centre,Northern Cape,Springbok,District Hospital,-31.259738,24.833669,011 161 6541,"Mon-Fri 07:00-17:00, Sat 08:00-13:00","Emergency Care, General Surgery, Maternity, Pediatrics, Specialist Referral","malaria, typhoid, tuberculosis, hiv, pneumonia, stroke, heart disease, diabetes",Yes,Yes,Yes
154,Springbok Specialist Clinic,Northern Cape,Springbok,Specialist Clinic,-29.525534,20.808957,011 954 5409,"Mon-Fri 07:00-18:00, Sat 08:00-14:00","Specialist Consultation, Dental, Eye Care, Mental Health","migraine, vertigo, stroke, skin conditions, allergy",Yes,Yes,No
155,Springbok Medical Centre,Northern Cape,Springbok,Primary Care Clinic,-28.785227,24.001899,010 682 5516,"Mon-Fri 07:00-17:00, Sat 08:00-13:00","General Consultation, Immunizations, Health Screening, Family Planning","flu, cold, fever, headache, diarrhea, allergy, asthma, hypertension",No,Limited,No
156,Springbok Health Facility,Northern Cape,Springbok,District Hospital,-28.179894,20.336818,010 595 4792,24 Hours Emergency Services Available,"Emergency Care, General Surgery, Maternity, Pediatrics, Specialist Referral","malaria, typhoid, tuberculosis, hiv, pneumonia, stroke, heart disease, diabetes",Yes,Yes,Yes
157,Springbok Medical Centre,Northern Cape,Springbok,Primary Care Clinic,-31.323559,24.310741,011 811 9010,"Mon-Fri 07:00-18:00, Sat 08:00-14:00","General Consultation, Immunizations, Health Screening, Family Planning","flu, cold, fever, headache, diarrhea, allergy, asthma, hypertension",Yes,Yes,No
158,De Aar Health Facility,Northern Cape,De Aar,District Hospital,-30.886195,20.382051,011 433 4155,"Mon-Fri 07:00-18:00, Sat 08:00-14:00","Emergency Care, General Surgery, Maternity, Pediatrics, Specialist Referral","malaria, typhoid, tuberculosis, hiv, pneumonia, stroke, heart disease, diabetes",No,Yes,Yes
159,De Aar Regional Clinic,Northern Cape,De Aar,Health Centre,-28.454209,23.482879,012 357 8371,"Mon-Fri 07:00-18:00, Sat 08:00-14:00","Comprehensive Primary Care, HIV/TB Services, Maternal Health, Chronic Disease Management","diabetes, hypertension, asthma, arthritis, tuberculosis, hiv, allergy",Yes,Yes,No
160,De Aar Medical Centre,Northern Cape,De Aar,District Hospital,-29.155182,20.141143,011 529 3737,24 Hours Emergency Services Available,"Emergency Care, General Surgery, Maternity, Pediatrics, Specialist Referral","malaria, typhoid, tuberculosis, hiv, pneumonia, stroke, heart disease, diabetes",Yes,Yes,Yes
161,De Aar Regional Clinic,Northern Cape,De Aar,Community Health Centre,-30.775249,21.97219,011 269 9902,"Mon-Fri 07:00-18:00, Sat 08:00-14:00","General Consultation, HIV/TB Testing, Immunizations, Maternal Health, Child Health","flu, cold, fever, headache, diarrhea, malaria, tuberculosis, hiv",Yes,Yes,No
162,De Aar Specialist Clinic,Northern Cape,De Aar,Specialist Clinic,-28.476102,24.890754,010 580 6205,24 Hours Emergency Services Available,"Specialist Consultation, Dental, Eye Care, Mental Health","migraine, vertigo, stroke, skin conditions, allergy",Yes,Limited,Yes
